year,county,adj_supply_any,adj_supply_ccc,adj_supply_hr,adj_supply_public,totcost_any,totcost_ccc,totcost_hr,totcost_public,quality_premium
2015,Marshall,.60390925,.049934529,0,.11403307,104.32786,175.59798,223.71185,35.226791,1.8730788
2015,Kittson,.49225226,0,0,.073083945,97.986504,244.97298,300.74301,23.715981,2.5715694
2015,Polk,.79085308,.16424896,.070814118,.13985248,107.6451,164.50102,135.81902,11.55902,1.0733697
2015,Traverse,.80948305,0,0,.25288513,87.1576,217.31558,217.31558,11.174042,1.8989724
2015,Norman,.86156034,.082146473,5.2976359e-15,.36781973,95.822815,198.01358,176.64404,17.03248,1.4386272
2015,Clay,.59448671,.1712126,.029555585,.0369922,133.58862,188.03027,174.5545,13.388988,1.2594668
2015,Wilkin,.7780776,.010509048,0,.13915497,97.376488,193.07292,185.64383,12.859221,1.577551
2015,Big Stone,.62073928,1.1516730e-14,1.1516730e-14,.091798276,89.510849,134.48741,134.48741,15.251574,1.2547116
2015,Pennington,.75422454,.12705782,0,.043168195,112.53562,141.53395,175.4826,13.562369,1.4935743
2015,Lincoln,.80850422,0,0,.18361084,76.507484,186.07362,204.62746,14.294562,2.0540092
2015,Rock,.77517074,0,0,.037083719,101.37402,166.14021,170.13762,18.00432,1.6372983
2015,Pipestone,.73091733,.069725968,0,.13160598,88.971954,143.72849,217.32602,16.012138,2.0059783
2015,Lac qui Parle,.5219357,.018099727,9.3957151e-06,.14397663,96.112038,167.58185,144.17586,17.971014,1.1542108
2015,Red Lake,1.595021,.09904407,.047505137,.90383178,80.535645,127.51857,141.54834,10.841484,1.4512427
2015,Yellow Medicine,.75997514,.070247941,.063696802,.083675876,98.073021,146.51588,113.12057,20.887814,1.1095266
2015,Otter Tail,.4789497,.034281068,.0083614234,.078878514,102.62776,163.78961,143.99074,14.764424,1.2017874
2015,Roseau,.66821063,0,0,.092774682,94.033936,318.66122,204.82608,16.746258,1.9307359
2015,Stevens,.79444999,.08155939,.08155939,.12274286,88.170578,127.57941,127.57941,9.7406654,1.2624282
2015,Becker,.67100346,.070445463,.088227257,.15859917,107.11186,198.14806,154.39323,18.19488,1.2147795
2015,Grant,.53218502,0,.02484978,.19445123,91.125656,190.95493,138.43402,18.245872,1.2144012
2015,Swift,.76841253,.10921621,.10921621,.090506896,91.442871,132.4232,121.68314,35.34531,1.1190341
2015,Murray,.7285794,.15133156,0,.052929737,106.94372,151.62874,169.43114,24.877092,1.478194
2015,Lyon,.90870631,.16499309,.0065664002,.12404988,99.259453,131.80658,139.13391,7.5646048,1.2310812
2015,Nobles,.37191817,.047137722,.005952816,.07741522,88.181969,127.16399,119.39005,12.354294,1.0992254
2015,Mahnomen,.46120474,0,.11968385,.20657618,58.541035,254.78159,145.77151,12.602732,1.2946279
2015,Chippewa,.65006435,.10715707,.05762431,.05394569,103.23401,115.77747,108.01589,15.875443,.96449137
2015,Pope,.49689317,.083548948,5.3174580e-07,.035605043,109.20672,167.26396,170.32317,26.135218,1.4756001
2015,Douglas,.8705768,.10984238,.015031533,.093820922,112.20073,171.42963,138.78117,13.429749,1.1554925
2015,Redwood,.63360715,.0030641546,5.6063337e-37,.079379797,99.630753,158.34486,145.98227,21.424692,1.3662632
2015,Clearwater,.56475788,0,.049869973,.15780053,92.20295,199.23514,149.91397,17.890369,1.2878525
2015,Beltrami,.55329394,.068428077,.0032984321,.14490744,93.387688,178.21933,158.56265,16.589237,1.2729149
2015,Renville,.79882616,.14825554,2.2216878e-07,.096902989,98.905304,161.01033,183.29323,13.22956,1.5968369
2015,Jackson,.75057089,.17318882,0,.13322835,95.891304,127.56719,161.30974,15.487998,1.4447695
2015,Cottonwood,.56463033,.045248568,0,.092007428,92.784966,114.13471,133.29901,11.588778,1.2478197
2015,Kandiyohi,.49041718,.088162214,.080153935,.054307021,109.66598,172.84236,159.01192,9.116065,1.3945279
2015,Hubbard,.49244848,.066812284,.10051905,.037309516,116.28797,175.24783,155.59152,27.925215,1.289387
2015,Todd,.42901075,.044830728,.015266078,.139605,86.079575,155.33586,123.58161,13.978824,1.1097546
2015,Wadena,.56757516,.037940886,.023779448,.14141729,92.218155,140.47354,136.0069,10.412481,1.1760075
2015,Stearns,.66010952,.14691903,.073954046,.054963354,126.57681,188.64656,175.33636,11.058666,1.3621963
2015,Brown,.92029977,.1450571,.036503751,.17870906,96.421188,142.63454,130.25266,7.6177526,1.1425401
2015,Lake of the Woods,.44088703,0,.041603252,.093134783,92.612701,385.25235,116.31025,25.692644,1.0287182
2015,Watonwan,.469791,.16082586,.070888184,.071194507,77.950073,87.796051,86.979118,6.3102565,.91835856
2015,Cass,.5003221,.046028387,.034863263,.1529121,100.7977,191.98085,174.60175,23.358286,1.335749
2015,Martin,.88121843,.099824384,1.1021203e-14,.11400323,100.26665,159.00092,149.83038,12.026612,1.351969
2015,Meeker,.52959114,.097949818,.0028969101,.11303939,108.13698,186.7081,137.81895,13.534639,1.0947137
2015,Nicollet,.71668625,.31338406,.053234313,.049753949,135.12511,173.36615,132.09598,8.9741955,.92186332
2015,Morrison,.57525009,.053163283,.095671229,.073307127,104.58543,173.66745,155.7682,17.690386,1.369472
2015,Sibley,.65474117,.00083606562,.00015458146,.12317601,93.211403,221.55507,214.50876,8.2760677,1.8302596
2015,McLeod,.74728256,.17646548,.049192134,.089926004,121.94443,199.67972,151.74222,10.003024,1.1890291
2015,Itasca,.6527878,.084066108,.10896717,.26527414,88.289116,134.22829,144.63264,14.793787,1.1659129
2015,Blue Earth,.8857525,.28196073,.033053316,.18390708,116.62149,165.42123,132.05508,9.8043766,.96894282
2015,Crow Wing,.56396157,.17795108,.044258222,.07182344,125.34267,167.7657,156.49561,15.754431,1.1561023
2015,Koochiching,.54737866,.034147069,0,.18786351,90.370026,298.56091,292.20261,10.167528,2.524528
2015,Benton,.64282387,.13517666,.053770822,.040792417,128.07301,199.38863,199.56435,13.006777,1.5264118
2015,Faribault,.72302127,.18590179,.13382867,.095752552,104.46276,139.21069,172.38298,19.100662,1.6001143
2015,Wright,.47223222,.10611855,.033494264,.043575507,149.19455,239.16939,243.18457,11.531138,1.6065192
2015,Sherburne,.52267367,.16101462,.023278467,.024042841,146.62434,209.8831,230.59322,11.862366,1.5312185
2015,Carver,.55150956,.32738537,.1379158,.020937305,202.52658,247.82153,270.17773,9.8316584,1.3994526
2015,Le Sueur,.72175974,.074779831,.076435819,.10706075,121.4826,218.20544,171.51625,8.9163122,1.2879627
2015,Mille Lacs,.52730411,.24073863,.041440412,.044839498,122.24249,156.53986,169.946,15.54049,1.4080776
2015,Scott,.52692491,.17476751,.069261223,.015200783,196.76598,266.45868,273.60425,10.562464,1.4482942
2015,Aitkin,.68118143,.0036498054,.02240237,.16047749,105.23385,187.41913,148.36508,15.500192,1.1715387
2015,Waseca,.53454578,.078287005,3.1665101e-16,.054154154,105.31824,143.60838,221.78775,10.714271,1.9371649
2015,Hennepin,.51818854,.36742294,.15972194,.030601857,231.0182,270.5231,290.70389,8.2248373,1.2961987
2015,Freeborn,.49370843,.12016287,.028616205,.031397536,120.04621,179.65594,207.62488,14.230349,1.7068297
2015,Isanti,.38654545,.1931168,.065765448,.031138645,148.99031,198.05133,187.93495,13.22278,1.2278982
2015,Rice,.46170139,.11907103,.032681055,.044162374,132.73438,175.71954,138.40688,8.0225487,.94340694
2015,Kanabec,.97457737,.039561007,2.3156140e-07,.55375719,87.839333,168.35577,157.67392,15.810138,1.2671943
2015,Anoka,.51862252,.24931757,.12234302,.028343286,193.76826,250.22649,251.90099,10.159186,1.3590509
2015,Steele,.80068856,.18419558,.084321991,.070024379,126.4016,205.43742,211.46382,8.1260433,1.6577566
2015,Dakota,.55622625,.28909084,.13695398,.019375905,214.05338,267.89474,281.75534,8.1702604,1.4119818
2015,Ramsey,.4430739,.26970354,.14412622,.045270257,206.10054,263.04803,274.98416,7.7640243,1.3627907
2015,Pine,.375393,.021421982,.050326124,.07440047,116.46663,147.76833,147.48715,18.845682,1.1054766
2015,Chisago,.45435637,.12816641,.048649181,.040640589,143.06735,216.91078,228.53639,11.877884,1.5462575
2015,St. Louis,.54622197,.18547592,.029255705,.1213593,115.22623,163.37286,168.87727,9.6915827,1.2528223
2015,Dodge,.74646246,.10347938,.00029962166,.062287316,126.67679,200.78574,189.92998,15.225819,1.4555217
2015,Goodhue,.52584106,.094655856,.03341129,.056505866,128.75435,174.32761,214.44577,10.20509,1.5380216
2015,Mower,.44448286,.082556754,.000040808827,.068692878,107.816,150.2943,228.79582,10.246872,1.8929263
2015,Washington,.49603677,.24467321,.11088319,.029234508,204.45477,269.53214,274.3764,10.897682,1.4051045
2015,Carlton,.62491339,.18027472,.1331718,.18894665,100.45779,139.59865,125.83649,12.765197,.97300249
2015,Olmsted,.78376806,.29952398,.21016058,.096290275,170.81868,239.25662,242.72234,7.9697561,1.5058805
2015,Wabasha,.71226209,.066968851,.038876478,.073292233,118.32243,187.31583,214.24825,14.167905,1.6288073
2015,Fillmore,.66205329,.17066571,8.7746054e-16,.10138016,103.88097,163.35133,200.48392,20.643169,1.7186167
2015,Winona,.78960478,.20456082,.08398369,.058565818,119.36018,181.21196,170.96408,12.199195,1.3634384
2015,Lake,.28338614,0,0,.051167395,101.11508,260.43234,177.92087,9.3225269,1.399586
2015,Houston,.7427575,.070462488,0,.107989,105.73045,177.83044,181.55516,13.105084,1.5234749
2015,Cook,1.0479441,.11663926,0,.14314832,113.71439,152.82483,377.41461,32.538261,3.0140698
2014,Marshall,.58924299,.046477731,0,.11403307,102.7845,165.11458,213.16525,35.226791,1.8063834
2014,Kittson,.57771683,0,0,.12476565,88.026901,233.66025,294.14801,16.299438,2.6405346
2014,Polk,.77834749,.15550621,.075311199,.13760413,99.978294,145.53317,122.2756,12.685218,1.0197728
2014,Traverse,1.1406966,0,0,.47137251,86.920517,220.54076,207.43077,11.112698,1.9095042
2014,Norman,.8731783,.32312846,.23958302,.10775862,109.80658,150.08145,109.53965,44.333645,.91567165
2014,Clay,.63097459,.17133528,.03128963,.042954784,127.3046,177.14571,152.31737,13.172125,1.1357354
2014,Wilkin,.74194008,.010490702,0,.080181025,101.42692,222.12791,276.72595,40.328144,2.4293509
2014,Big Stone,.59716755,1.1496626e-14,1.1496626e-14,.08471553,94.595291,133.25279,129.33662,15.086942,1.1924576
2014,Pennington,.76043433,.11668392,0,.041048463,109.83269,133.14067,163.4826,13.562369,1.4267941
2014,Lincoln,.93811303,0,0,.19347481,87.54467,201.50937,221.60545,15.06447,2.1554518
2014,Rock,.73437262,0,0,5.8760641e-14,107.85651,241.3575,275.09982,40.645435,2.5776083
2014,Pipestone,.72942346,.069867902,0,.13156675,88.809853,156.63965,243.19865,16.143703,2.2246811
2014,Lac qui Parle,.5219655,.017109176,8.1120816e-06,.14783584,95.563942,180.48543,142.71748,17.984888,1.1684226
2014,Red Lake,1.5888512,.10073082,.039587613,.89363873,78.612755,123.7924,129.54834,10.841484,1.3715661
2014,Yellow Medicine,.73608017,.069983929,.046894614,.053633749,102.13494,152.80827,117.54642,21.395094,1.0894892
2014,Otter Tail,.54134768,.03985719,.002552401,.10683825,99.041069,159.43419,194.25594,14.57081,1.628582
2014,Roseau,.72439384,.011975574,.011975574,.11594012,96.008064,222.33963,224.99487,15.590942,2.0883663
2014,Stevens,.87153912,.11286046,0,.084141009,101.37463,140.27017,141.44525,18.529232,1.3663479
2014,Becker,.68713516,.04140301,.10925473,.17040221,104.16108,188.51761,144.58102,17.682562,1.1414044
2014,Grant,.51162916,0,0,.18786408,86.775726,189.99602,214.32869,18.480742,1.9052391
2014,Swift,.94808906,.10902555,.10902555,.14457802,89.608765,131.29483,117.43527,22.286108,1.0642651
2014,Murray,.86141258,.15259224,0,.052889563,101.66241,154.3284,224.57764,25.378727,2.1937566
2014,Lyon,.96747977,.16514686,0,.10314594,102.07859,130.89572,139.97914,12.616176,1.2487049
2014,Nobles,.3664614,.058096319,0,.06632866,88.428307,140.0209,228.31436,12.424265,2.2201331
2014,Mahnomen,.50748426,.047901716,.11069959,.26535013,54.655399,100.14024,105.41026,12.527681,.88561022
2014,Chippewa,.7271589,.084474474,.049023673,.12834348,88.254951,113.20399,119.85265,13.122483,1.0964768
2014,Pope,.54071939,.074592479,5.3081760e-07,.07591249,105.24128,165.39117,176.87479,17.821625,1.5033709
2014,Douglas,1.0046021,.1344023,.010267626,.10999504,110.80444,169.0584,144.59427,13.470632,1.2218937
2014,Redwood,.67175764,.0030676336,5.5245988e-37,.082514063,97.524818,151.59435,137.52005,19.606455,1.2724007
2014,Clearwater,.5278874,0,.055134721,.15395166,93.20565,199.22034,166.47655,18.006128,1.4316857
2014,Beltrami,.61563766,.12844019,.042230301,.12098314,98.331818,193.54745,200.65683,17.098516,1.619625
2014,Renville,.83604097,.11214487,2.2221454e-07,.12525685,97.896706,176.42215,198.44975,12.412304,1.7085571
2014,Jackson,.88672173,.17294072,0,.13314477,100.51467,135.59149,238.27574,15.65177,2.0989506
2014,Cottonwood,.54348737,.03421938,0,.092007428,95.810356,117.51856,148.7191,11.347468,1.3585767
2014,Kandiyohi,.49853799,.085942641,.072201625,.047307931,111.10857,175.29356,166.06143,9.21807,1.4652804
2014,Hubbard,.49835253,.063441657,.067339055,.018747209,115.15552,186.56354,161.76724,36.03154,1.352278
2014,Todd,.36502096,.0026611194,.0028055094,.10978419,83.665581,159.04063,163.25497,15.040587,1.5531271
2014,Wadena,.58463383,.03196834,.023144528,.14035372,91.296669,138.67012,138.90854,10.405155,1.2096285
2014,Stearns,.68429822,.15654433,.04332833,.052410506,128.14671,188.99442,189.02301,11.030889,1.4366536
2014,Brown,.94651777,.14717846,.043918196,.10163707,103.36901,142.46637,127.98373,7.8094215,1.1191471
2014,Lake of the Woods,.40009415,0,0,.093134783,93.346397,260.10754,260.10754,25.627829,2.348424
2014,Watonwan,.50340533,.16123703,.01418024,.071194507,81.933899,89.301849,104.85794,6.3102565,1.1118355
2014,Cass,.7832045,.2686685,.25029165,.1461364,104.56258,219.01851,217.38251,23.435719,1.6973522
2014,Martin,.85842299,.080547854,0,.11400323,98.191879,162.12486,210.71295,12.026612,1.9514862
2014,Meeker,.53120029,.09809269,.0073244348,.11303939,107.66705,172.56346,123.76949,13.534629,1.0027015
2014,Nicollet,.7181288,.32304367,.083520435,.021046834,136.89236,166.50264,165.65559,15.625111,1.2131108
2014,Morrison,.63622755,.05874683,.048868153,.076230168,105.19693,159.71448,162.98744,18.123573,1.4405603
2014,Sibley,.67258561,.00073978701,6.9399483e-23,.13401107,93.335754,206.60191,218.8692,8.2877283,1.8759252
2014,McLeod,.76532751,.15078372,.052587532,.089968324,115.87772,185.77921,232.6286,10.003712,1.8734199
2014,Itasca,.63263333,.10841866,.10530844,.23503971,95.24958,169.88788,161.83707,15.124947,1.3217038
2014,Blue Earth,.89979202,.27231994,.037691001,.18082389,116.81481,169.84148,164.72809,10.687814,1.2171892
2014,Crow Wing,.59629446,.17995712,.0082443878,.070199765,123.56911,160.39635,156.91492,15.768521,1.1664453
2014,Koochiching,.50177139,.034147069,0,.13567713,93.701752,328.09299,383.69342,13.990829,3.3298612
2014,Benton,.70265412,.14158411,.030293329,.041234754,129.43433,200.7744,228.713,13.033881,1.7235198
2014,Faribault,.68465596,.14398655,.020875774,.11279085,103.37242,145.85356,210.91867,19.006001,1.8865423
2014,Wright,.50641692,.11690513,.033289332,.045046162,150.93974,219.59822,272.83463,11.518312,1.7761396
2014,Sherburne,.54700089,.16688119,.02054581,.024134384,148.50034,210.8476,242.17302,11.861734,1.5933236
2014,Carver,.55001152,.30540365,.097588584,.020636145,195.9814,244.53317,268.25269,10.199839,1.4073225
2014,Le Sueur,.77953404,.090936303,.079125762,.10692829,119.47179,207.43991,203.91246,9.3689966,1.5678389
2014,Mille Lacs,.54544199,.23642035,.041596595,.044839498,121.3569,155.98134,164.73598,15.54049,1.3651563
2014,Scott,.56699318,.18699709,.05207238,.014435405,191.01823,251.121,278.93622,9.9959192,1.5090972
2014,Aitkin,.97387409,.28936771,.19714478,.13811174,115.86817,167.09505,173.39569,17.642954,1.3654681
2014,Waseca,.60064846,.078366227,1.1652436e-14,.054154154,104.3201,145.10188,201.79231,10.965281,1.7935658
2014,Hennepin,.53181559,.37701541,.15113276,.020018391,227.89554,263.2066,281.95874,8.6207542,1.2913713
2014,Freeborn,.52535486,.14126481,.049813394,.031397678,119.89572,182.07771,202.4404,13.780965,1.6872159
2014,Isanti,.38896462,.19241469,.054251473,.031113615,144.3208,185.53587,179.0849,13.223385,1.1910751
2014,Rice,.46285143,.10985297,.018314894,.039035954,129.96117,172.83322,155.04437,7.7376595,1.1153082
2014,Kanabec,.96367455,.039267562,2.3157703e-07,.55376023,85.277115,167.90627,160.83562,15.71615,1.3268961
2014,Anoka,.55403668,.25310594,.11635535,.034025114,186.88736,244.85503,250.56847,10.178216,1.3773251
2014,Steele,.79871124,.17711809,.084183834,.068700984,122.14206,189.91873,201.93398,7.2386589,1.6387875
2014,Dakota,.58748788,.29372433,.1331377,.020489821,207.77759,262.8194,277.50967,8.4182472,1.4344357
2014,Ramsey,.45934701,.27214146,.12994209,.039297726,201.22707,253.88579,270.1785,8.1213646,1.3875312
2014,Pine,.41763917,.021424949,.050329093,.074429668,113.84671,137.53752,145.30441,18.737127,1.1385161
2014,Chisago,.50680029,.14128321,.050913256,.040611856,141.63832,205.37033,211.97052,11.874584,1.4449806
2014,St. Louis,.58370894,.18320854,.03285329,.13985509,111.03716,159.6684,172.05882,9.6594658,1.3118304
2014,Dodge,.76701546,.097266644,.0002996212,.071616113,121.65401,202.65332,184.08188,11.663922,1.4367172
2014,Goodhue,.55892354,.093817502,1.1770170e-11,.057324059,124.88609,160.85593,239.61823,10.208864,1.7720128
2014,Mower,.50571817,.13279255,1.1943199e-09,.066360861,115.98208,175.3436,240.34857,10.009897,1.9058299
2014,Washington,.52967668,.2557188,.10824432,.027405037,199.3515,265.00269,268.54001,10.975113,1.3891385
2014,Carlton,.6644454,.173126,.1158739,.20004371,98.865112,129.47829,116.81297,12.495418,.90066808
2014,Olmsted,.79712319,.28748003,.19351982,.10234515,161.78807,227.44012,227.48038,8.1119385,1.4088483
2014,Wabasha,.72715622,.067089073,1.8151680e-23,.073292233,119.8711,184.06404,293.06885,14.1372,2.2681749
2014,Fillmore,.94724053,.17103581,0,.38794312,95.187996,171.42767,243.17328,20.656742,2.0762153
2014,Winona,.81502283,.20596308,.060872663,.054779522,118.69258,176.39059,190.45503,11.283827,1.5470804
2014,Lake,.38899162,0,0,.11931174,87.135742,248.91095,185.76535,9.2230024,1.4751569
2014,Houston,.836963,.099134587,0,.089339964,105.26475,161.91591,249.10446,11.686271,2.1279299
2014,Cook,.98188901,.11505498,0,.14314832,123.84949,213.04135,385.30908,32.538261,2.6629653
2013,Marshall,.59678108,.056171276,0,.083125465,108.58109,160.13086,245.93619,51.686611,2.0680852
2013,Kittson,.59378874,0,0,.092592776,93.209061,227.1264,316.77383,28.402573,2.9817958
2013,Polk,.69382524,.088741392,.028736901,.13579763,103.16509,161.1049,139.57458,16.931854,1.1521466
2013,Traverse,1.0455846,0,0,.21848738,104.95422,225.24074,203.87093,56.048618,1.8011022
2013,Norman,.86765468,.23958302,.23958302,.16390787,98.044792,113.42443,114.88172,27.898525,1.0205456
2013,Clay,.65328503,.16109948,.016283436,.057525262,124.23691,174.7791,137.22563,14.603787,1.0333545
2013,Wilkin,.76761901,.010490702,0,.050127853,107.00098,202.26041,235.54515,19.159521,2.0398962
2013,Big Stone,.5949595,1.1496626e-14,1.1496626e-14,.08471553,90.035278,132.5761,127.50494,15.97442,1.1584533
2013,Pennington,.76627982,.11668392,0,.021392418,111.78535,130.95561,236.0929,17.090155,2.061337
2013,Lincoln,.73048538,0,0,.00003617895,105.18498,205.62927,220.35625,70.194138,2.1245112
2013,Rock,.85060126,0,0,.0325475,105.68061,225.515,336.57703,43.959618,3.1745129
2013,Pipestone,.64822102,.069867902,0,5.7123558e-16,109.64471,155.5419,251.44061,56.934288,2.3095915
2013,Lac qui Parle,.44808358,3.1838642e-06,0,.079324625,93.650391,120.7253,123.73044,18.907043,1.1074522
2013,Red Lake,1.495304,.10073082,0,.7319991,82.255585,124.47134,192.38875,17.131367,2.0618424
2013,Yellow Medicine,.80811101,.047539908,.046115506,.05146803,102.37508,117.7264,113.97469,22.706915,1.0805748
2013,Otter Tail,.49899811,.039746646,.00009576157,.048257153,109.25779,159.55179,193.66991,20.65387,1.6251732
2013,Roseau,.71366781,0,0,.099821977,94.984169,301.38266,414.16977,15.633017,3.9557924
2013,Stevens,.80784398,.11286046,0,.034499526,105.89486,146.44109,139.00606,20.591028,1.3101041
2013,Becker,.64036125,.023335047,.075674817,.11605725,110.44774,189.5098,141.58444,20.716515,1.1345842
2013,Grant,.51258922,0,0,.12240145,94.598648,201.50705,239.44838,19.543701,2.0924339
2013,Swift,.88753015,.10902555,.10902555,.10515305,93.014717,129.52679,116.48421,23.082876,1.0637608
2013,Murray,.83211714,.15259224,0,6.5655146e-15,106.92671,163.39966,236.01489,72.843689,2.2955332
2013,Lyon,.86803907,.14915739,0,.059431802,108.64061,132.36723,150.42291,15.033091,1.3133886
2013,Nobles,.33217594,.047044352,0,.041837107,87.76416,124.98724,331.43863,14.867265,3.3628008
2013,Mahnomen,.36073661,.036196534,.0845723,.14218071,68.279686,112.29554,112.22736,15.750182,.88933784
2013,Chippewa,.65041602,.084474474,.014090008,.085184999,87.612968,90.83448,105.41986,13.615007,1.0109102
2013,Pope,.61860561,.12125207,5.3081760e-07,.07591249,100.47206,153.94382,168.06342,18.305519,1.4682705
2013,Douglas,1.0081204,.13698055,0,.12049124,108.37953,168.30861,202.46678,14.834942,1.6959232
2013,Redwood,.6653651,.044744138,0,.022352288,104.13258,117.71736,213.45758,44.327938,2.0129821
2013,Clearwater,.3773348,0,.010550781,.11533539,86.747688,193.92703,185.2674,19.71352,1.6406089
2013,Beltrami,.63834822,.07567212,0,.20764814,100.83675,171.173,249.91817,29.439751,1.9976624
2013,Renville,2.3934417,.077846937,2.2221454e-07,1.6976535,101.70388,145.8588,162.94835,26.401539,1.4182876
2013,Jackson,.79353064,.17294072,0,.03294044,113.53709,157.89581,297.33813,24.012346,2.5089567
2013,Cottonwood,.50692821,.03421938,0,.048270032,100.27444,123.27447,259.86664,14.103905,2.378695
2013,Kandiyohi,.46083692,.072292253,.02438733,.03300463,111.63483,168.03717,154.04114,12.847972,1.3274392
2013,Hubbard,.45763382,.047522992,.028926032,.053381521,112.5621,153.89819,179.68593,24.757656,1.5290512
2013,Todd,.36550456,.0017740836,.00014440123,.075145699,90.540031,163.86084,167.38066,15.816973,1.5570679
2013,Wadena,.48825827,.03196834,.023144528,.082698666,93.522537,142.98996,129.45554,16.02726,1.1081318
2013,Stearns,.6699757,.13918874,.02825213,.02067109,129.22775,182.12192,215.64496,17.873289,1.663493
2013,Brown,.90580875,.14717846,.014228407,.0079877106,111.45506,149.24594,155.65598,28.708391,1.4073442
2013,Lake of the Woods,.4599666,0,0,.093023494,92.885414,415.84015,500.92365,25.85746,4.5680208
2013,Watonwan,.5399363,.16121149,0,.024115346,95.939217,98.738983,203.37808,14.855736,2.0477636
2013,Cass,.50816506,.03839108,.0059109968,.19833159,103.74567,161.37502,202.46707,29.02718,1.6090386
2013,Martin,.77224427,.080547854,0,1.4547989e-14,108.78207,153.91122,247.29716,45.669384,2.2668905
2013,Meeker,.45327944,.09809269,.0073244348,.044702947,114.93414,168.79262,128.0535,22.678419,1.0587962
2013,Nicollet,.70449281,.27047688,.0069647087,.0099077364,136.36949,166.14166,144.64539,22.932905,1.052307
2013,Morrison,.5702219,.029256774,.0046456824,.040575087,107.78592,160.34599,148.42311,31.555347,1.3153619
2013,Sibley,.59776533,.00073978701,0,.031430721,114.57671,197.81017,210.69884,17.637955,1.7521249
2013,McLeod,.77548951,.098214097,0,.1142854,110.04289,201.10265,207.77432,10.541366,1.6999699
2013,Itasca,.54676443,.067999855,.031017816,.18319091,99.439812,153.90729,150.87552,18.235582,1.2161947
2013,Blue Earth,.89995027,.234593,.007219906,.16724709,117.26051,160.45355,131.36295,13.755829,.99402654
2013,Crow Wing,.56547266,.14845891,9.6027210e-15,.043191481,125.76528,152.42046,181.12347,19.255661,1.3697355
2013,Koochiching,.44678375,.025823832,0,.080723234,102.82372,284.79816,382.26678,15.79056,3.2335911
2013,Benton,.66435719,.12538692,.024547659,.015632132,132.04605,197.30544,239.76779,18.910778,1.82947
2013,Faribault,.6093694,.12311078,0,.10012928,98.928154,132.87895,237.37599,19.693449,2.157752
2013,Wright,.50708693,.11068568,.016621038,.018490551,153.23961,211.9782,294.04782,14.207952,1.9250485
2013,Sherburne,.54134995,.15063682,.019559372,.0095673278,146.3082,204.65201,264.49811,18.243866,1.8406305
2013,Carver,.50009531,.25156206,.09499339,.0030418378,203.07722,256.62949,262.00607,20.569286,1.363125
2013,Le Sueur,.72380042,.030278435,1.2931078e-18,.07431823,129.80673,208.38974,233.35199,30.236595,1.7346585
2013,Mille Lacs,.62617534,.24384461,.041596595,.1002503,128.48863,155.3298,164.44508,50.595665,1.3490475
2013,Scott,.57859474,.1809992,.048482742,.007296734,191.62987,248.16292,292.90042,16.596693,1.5899408
2013,Aitkin,.71944702,.1146253,.02240237,.067319967,118.64977,155.7787,162.53612,35.137897,1.2736937
2013,Waseca,.63562316,.078372695,1.1232438e-14,.01464422,109.28194,137.55127,201.08151,13.803317,1.790241
2013,Hennepin,.47231957,.32258433,.11844537,.01348681,228.23485,263.23312,283.9649,13.316601,1.3124242
2013,Freeborn,.48109552,.091435701,0,.049813394,112.69024,182.52147,256.67181,18.700487,2.1391156
2013,Isanti,.38441086,.20721923,.029735187,4.4909699e-36,148.03085,177.79764,196.77179,49.481438,1.3655704
2013,Rice,.48593682,.11125102,.014556693,.02438084,136.48425,169.31317,192.92218,13.608056,1.3788669
2013,Kanabec,.92728943,.039267562,3.5686420e-09,.50321102,92.157593,168.94043,193.28909,24.507626,1.5934668
2013,Anoka,.53398275,.23700322,.097207561,.012623692,185.12231,235.83438,262.18979,17.898964,1.51293
2013,Steele,.845052,.19236887,.080378219,.037713595,125.96048,188.19893,205.39082,11.334142,1.6563755
2013,Dakota,.57864624,.28499642,.11863822,.0066786939,208.02568,257.78079,279.89264,13.687115,1.4599397
2013,Ramsey,.45023069,.25807378,.111762,.03003771,200.89011,250.78172,271.12259,9.5809317,1.4068601
2013,Pine,.3808606,.018208941,.029282467,.014377935,129.96793,153.96266,159.57832,65.518227,1.2092743
2013,Chisago,.45984524,.13735007,.050103821,4.4653584e-06,149.0827,205.00398,216.55124,42.717438,1.5420842
2013,St. Louis,.55576867,.16239674,.018779395,.10734653,116.35059,156.09444,156.89087,14.278138,1.1805551
2013,Dodge,.76128387,.097266644,.00020216216,.040645365,123.97514,202.82664,182.80174,16.142454,1.4449574
2013,Goodhue,.5405407,.093817502,5.6969857e-19,.014204457,134.17369,162.95279,266.0936,21.797667,1.9498277
2013,Mower,.42179462,.096497886,1.1943199e-09,.010078241,119.23833,149.09229,285.08658,13.144032,2.3496621
2013,Washington,.48320794,.22860368,.12052409,.0067849839,201.51422,261.09006,260.81189,15.658455,1.4403446
2013,Carlton,.58165753,.13754836,.038447242,.11845055,114.46964,148.49701,158.60742,26.479704,1.2430314
2013,Olmsted,.76046765,.21472037,.10765798,.098554961,160.82481,233.86148,250.03514,9.3198938,1.531364
2013,Wabasha,.72149068,.067089073,0,.020059545,127.14149,183.1926,295.22714,34.362766,2.2736001
2013,Fillmore,.95107567,.17103581,0,.32145506,106.55755,191.26224,294.52643,40.011475,2.5072949
2013,Winona,.76650375,.1771438,.060872663,.03810728,119.39258,170.88806,190.00322,13.05043,1.5572046
2013,Lake,.36358351,.03003733,0,.050600424,113.31261,193.93701,216.12265,27.20941,1.6919339
2013,Houston,.82836896,.099134587,0,.067150071,111.6987,159.20563,235.38225,11.741597,1.9742471
2013,Cook,.62227398,.11505498,0,0,144.79413,158.34021,415.97528,229.18796,3.0284319
2012,Marshall,.53026354,.046477731,,.083125465,100.85537,693.57764,,455.09064,
2012,Kittson,.55500221,0,,.092592776,96.322304,989.62506,,171.73505,
2012,Polk,.67217314,.091556288,,.13579763,99.877907,280.48486,,75.470818,
2012,Traverse,.82693708,0,,.21848738,95.107063,549.85657,,193.45331,
2012,Norman,.8113268,.23958302,,.16390787,94.062904,294.86429,,124.56133,
2012,Clay,.61677438,.16109948,,.033571586,124.32535,216.31322,,47.958736,
2012,Wilkin,.68512839,.010490702,,.050127853,108.09785,548.75598,,104.48824,
2012,Big Stone,.53005815,1.1496626e-14,,.095200956,87.521477,377.48422,,61.905067,
2012,Pennington,.74495435,.11668392,,.021392418,108.09014,225.37146,,106.3184,
2012,Lincoln,.63893062,0,,.000042563468,97.034164,357.35306,,388.77722,
2012,Rock,.80245191,0,,.0325475,99.700211,425.6879,,320.97574,
2012,Pipestone,.5552879,.069867902,,5.7123558e-16,105.13768,211.59045,,389.23477,
2012,Lac qui Parle,.44745779,3.1838642e-06,,.077068262,95.243645,396.80634,,69.663445,
2012,Red Lake,1.4801029,.10073082,,.7319991,84.309204,397.01013,,62.520679,
2012,Yellow Medicine,.78635079,.047539908,,.084276058,94.385895,298.97327,,61.133533,
2012,Otter Tail,.45425737,.04564444,,.048257153,105.01194,299.97964,,75.043022,
2012,Roseau,.71872407,0,,.099821977,91.236786,1040.0316,,21.835762,
2012,Stevens,.67876714,.11286046,,.034499526,99.096451,199.71571,,97.625763,
2012,Becker,.60416424,.015841754,,.11605844,107.08465,346.47665,,36.426556,
2012,Grant,.46600994,0,,.10804661,93.563972,415.89246,,50.848385,
2012,Swift,.80686629,.10902555,,.062507272,97.796707,296.3732,,46.795082,
2012,Murray,.76535994,.15259224,,6.5655146e-15,99.592316,281.63037,,314.01248,
2012,Lyon,.84940368,.17219852,,.05073294,102.18716,169.18668,,78.017899,
2012,Nobles,.34506696,.047044352,,.041837107,85.48983,185.07675,,65.096352,
2012,Mahnomen,.34578466,.036196534,,.14238462,67.883362,248.99988,,36.493,
2012,Chippewa,.66497433,.084474474,,.086914606,88.211578,182.23247,,19.018106,
2012,Pope,.52736568,.10681005,,.07591249,92.528793,194.27097,,46.612251,
2012,Douglas,.88188052,.10932368,,.06742458,108.57047,184.70061,,33.915031,
2012,Redwood,.60522842,.0030676336,,.04423245,99.090141,408.84155,,123.13905,
2012,Clearwater,.36526975,0,,.11533539,86.549927,558.05267,,57.250031,
2012,Beltrami,.6230216,.06424699,,.21000685,92.820969,240.04733,,78.102524,
2012,Renville,.9167223,.077846564,,.22872485,99.755348,298.07126,,70.430428,
2012,Jackson,.76253784,.17294072,,.041173864,107.42622,273.67996,,112.18089,
2012,Cottonwood,.49373886,.03421938,,.048270032,95.321907,237.14827,,54.087692,
2012,Kandiyohi,.45482716,.072292253,,.026653526,109.80962,197.67789,,18.046488,
2012,Hubbard,.46167991,.047522992,,.053362735,109.88496,322.03247,,96.489723,
2012,Todd,.35014322,2.7148455e-09,,.10481117,80.050537,414.60165,,33.900795,
2012,Wadena,.4198063,.03196834,,.061765525,90.888504,349.96033,,38.560078,
2012,Stearns,.63359976,.12199422,,.013201957,126.99316,200.17261,,44.512726,
2012,Brown,.93788058,.1391149,,.083518274,99.844902,173.88779,,99.977043,
2012,Lake of the Woods,.41836333,0,,.093023494,95.567665,996.38208,,274.85519,
2012,Watonwan,.53547859,.16123703,,.024115346,89.321465,99.168297,,92.039299,
2012,Cass,.48294595,.036755566,,.20965435,96.86924,344.23752,,71.136475,
2012,Martin,.74118519,.080547854,,1.4547989e-14,103.01942,219.19992,,269.56485,
2012,Meeker,.45895147,.10723922,,.044791352,115.25589,255.88841,,57.679489,
2012,Nicollet,.75154787,.31647298,,.0099720396,133.83415,166.13948,,53.028645,
2012,Morrison,.51371932,.02227661,,.060785249,100.4174,295.09238,,91.930656,
2012,Sibley,.56758469,.00094020762,,.031430721,109.49267,285.31891,,40.075474,
2012,McLeod,.69090438,.081349656,,.072204895,109.68294,235.51559,,14.254049,
2012,Itasca,.48622096,.067999855,,.14189972,99.425484,245.47566,,36.567158,
2012,Blue Earth,.88991404,.23320705,,.16920142,110.87747,151.15738,,32.897255,
2012,Crow Wing,.50758684,.12413579,,.047012147,121.08829,200.56537,,45.739227,
2012,Koochiching,.42010224,.025823832,,.10854054,99.281677,711.10779,,45.737114,
2012,Benton,.61543185,.11675816,,.0090310639,129.86037,206.66479,,40.703285,
2012,Faribault,.60214019,.12311078,,.10012928,101.35226,151.75731,,69.98764,
2012,Wright,.48540682,.10093939,,.019932374,149.47858,212.56725,,16.606665,
2012,Sherburne,.51736951,.15025315,,.0073388405,144.83955,199.42366,,25.778992,
2012,Carver,.48343372,.23082836,,.0030655414,194.98212,245.62079,,25.901443,
2012,Le Sueur,.72053629,.030278435,,.07431823,125.87668,226.67433,,74.577721,
2012,Mille Lacs,.50148767,.24342008,,.0092717037,123.13113,173.54269,,112.57952,
2012,Scott,.58190721,.17928527,,.010939412,187.42653,253.4325,,38.108631,
2012,Aitkin,.56205237,.11210514,,.050999977,116.05154,302.28513,,137.25526,
2012,Waseca,.68576509,.078372695,,.01464422,105.5652,138.06436,,23.443615,
2012,Hennepin,.44584528,.28639627,,.019605579,219.38272,260.36658,,15.71614,
2012,Freeborn,.45988014,.091437638,,.049813394,109.18814,218.58868,,49.210526,
2012,Isanti,.34667858,.18891539,,4.4924648e-36,146.13931,189.1738,,108.3895,
2012,Rice,.48357192,.11381342,,.030959275,135.21895,184.05891,,19.187723,
2012,Kanabec,.93055636,.039267562,,.50321102,95.448212,191.74257,,64.094482,
2012,Anoka,.53164959,.22092582,,.011892154,179.71942,231.85849,,22.614832,
2012,Steele,.84520322,.20287104,,.056595627,121.67209,193.49365,,17.246883,
2012,Dakota,.58447027,.27166882,,.0074837701,201.18448,252.81328,,16.425701,
2012,Ramsey,.42799547,.23121957,,.028224938,191.60179,241.31995,,10.111344,
2012,Pine,.34401587,.018208941,,.012837441,126.77179,227.88976,,143.49123,
2012,Chisago,.4313547,.13059123,,4.4653584e-06,146.63786,222.71114,,75.049446,
2012,St. Louis,.51201504,.15330134,,.10302103,112.40061,198.86343,,37.008278,
2012,Dodge,.69939882,.097266644,,.040645365,122.71103,226.48686,,32.740894,
2012,Goodhue,.61270905,.093817502,,.093693942,126.58926,181.62634,,48.869431,
2012,Mower,.40220529,.094774425,,.010078241,115.33728,163.0565,,18.917124,
2012,Washington,.49137309,.22930366,,.0067928461,195.92058,255.13699,,21.566328,
2012,Carlton,.50132895,.10747224,,.10509999,110.84766,212.34883,,87.431061,
2012,Olmsted,.76549405,.2218568,,.096298128,156.85649,228.33406,,11.112873,
2012,Wabasha,.68091911,.067089073,,.018053589,122.26511,207.29518,,195.81616,
2012,Fillmore,.9571026,.15838957,,.32228103,106.1595,251.09607,,96.194954,
2012,Winona,.75182563,.1771438,,.035441037,116.93875,212.87968,,15.737376,
2012,Lake,.25294879,.03003733,,.020009916,114.99422,390.40918,,107.50165,
2012,Houston,.78736264,.099134587,,.067206301,108.49612,192.36655,,41.720337,
2012,Cook,.62993127,.11505498,,.14165734,107.52191,657.12384,,61.088238,
2016,Marshall,.56162119,.047446016,.022222277,.13312933,109.83385,593.85156,672.20844,32.545227,5.2562056
2016,Kittson,.68649387,0,0,.21305844,100.9138,954.44727,1045.5433,76.223038,8.5485258
2016,Polk,.70023453,.18062824,.16056639,.10139711,127.70602,210.05212,171.14201,22.377535,1.243313
2016,Traverse,.80017221,0,,.25288513,85.289383,275.39227,,22.31214,
2016,Norman,.7809152,.083545454,9.0477972e-14,.309374,84.384262,67.51593,127.90033,59.482235,1.6844945
2016,Clay,.5566287,.15870541,.0583754,.039286569,138.87421,198.50983,173.0434,13.161944,1.1951511
2016,Wilkin,.6552943,.0098549016,0,.15536225,102.74842,166.14214,480.13263,30.098751,4.1350126
2016,Big Stone,.59535062,1.1496626e-14,0,.13373996,94.831825,371.15015,560.24097,28.864689,1.5767316
2016,Pennington,.71991873,.11356831,.01112678,.058874246,120.59517,279.17868,160.99062,22.454943,1.2889745
2016,Lincoln,.75085688,0,.0036019657,.18364614,78.496902,144.29951,263.17871,25.430212,2.8682044
2016,Rock,.69536334,0,0,.062356953,109.11112,560.93378,522.88043,16.941998,4.5227475
2016,Pipestone,.7020523,.069867902,.01868229,.15032627,97.350861,234.11449,215.02747,9.7554731,1.7575653
2016,Lac qui Parle,.5161894,.02262258,2.8621776e-06,.17397347,86.549385,290.6394,233.65791,18.81184,2.1230338
2016,Red Lake,1.6178797,.1058965,.047505137,.90383178,97.540222,438.31573,146.35799,11.022635,1.1459759
2016,Yellow Medicine,.80205441,.069983929,.11899821,.11612177,105.85654,113.55759,109.48669,22.124352,.90803808
2016,Otter Tail,.46415129,.038921002,.023743371,.083466932,109.83244,159.23398,151.34232,33.263638,1.1654084
2016,Roseau,.66120869,0,.016267942,.088914856,89.563705,835.84003,643.31915,76.248421,6.9561043
2016,Stevens,.7297284,.08136452,.11943185,.15734155,76.026695,224.37596,128.2883,10.028339,1.5212526
2016,Becker,.5972293,.057008378,.11667535,.13129139,110.85967,199.02945,148.94498,31.172316,1.0363114
2016,Grant,.59166193,0,.051770374,.22682607,69.31826,298.95251,133.51282,18.808443,1.1368425
2016,Swift,.72398001,.10902555,1.0918731e-23,.16265902,93.236702,215.86952,214.7142,30.225637,1.6342077
2016,Murray,.7492739,.15255037,.00011776821,.10755026,111.59337,372.52948,535.06842,39.81522,5.3994203
2016,Lyon,.8582269,.14929919,.064048231,.12435568,118.95715,161.32143,143.8808,6.9812789,1.0943609
2016,Nobles,.42512086,.052413333,.042862598,.13022272,115.29562,301.35962,223.3479,19.624353,1.5695387
2016,Mahnomen,.44479293,0,.14638814,.18310505,59.029213,180.40894,146.52519,13.9688,1.2294726
2016,Chippewa,.63787484,.084474474,.046636324,.099626169,95.288254,100.20993,127.95827,16.51895,1.1177113
2016,Pope,.45215204,.094776161,6.0615075e-06,.051627211,108.55676,178.50948,120.05265,27.007513,2.0261266
2016,Douglas,.84653705,.12283695,.01751565,.081107974,122.8379,210.26195,201.61554,25.299181,1.5561066
2016,Redwood,.55347168,.0022069304,.017611586,.099165417,105.92328,188.12587,191.62016,44.943775,1.5312217
2016,Clearwater,.46350077,0,.091395915,.09770377,108.32331,201.36807,130.28513,65.461357,.95119208
2016,Beltrami,.51961637,.045095861,.016501984,.14294441,90.400139,168.60765,146.36603,24.292927,1.1111965
2016,Renville,.66539931,.13717189,3.8452791e-07,.11179522,81.220543,171.97739,197.41791,11.748839,1.9446013
2016,Jackson,.77340943,.15702213,.031944443,.1675344,110.837,241.2589,141.98688,25.791914,1.0517395
2016,Cottonwood,.51606774,.03421938,.043135695,.080241762,81.714432,247.96457,214.99702,17.336636,4.5427446
2016,Kandiyohi,.48504016,.097033352,.090332463,.071810521,116.73906,188.21193,158.26268,9.0256424,1.1991587
2016,Hubbard,.46512946,.071207188,.17002784,.018684493,123.95102,183.41051,133.94514,99.125771,.9936071
2016,Todd,.43985045,.033903532,.063985527,.13359264,103.70325,265.46716,192.0407,20.747599,1.5902957
2016,Wadena,.54978913,.036685038,.02819363,.14933766,103.99835,194.40161,142.0547,21.057711,1.0945045
2016,Stearns,.62371904,.16063812,.093926474,.048273336,139.66721,198.71898,191.42111,13.572351,1.31703
2016,Brown,.88767636,.15858126,.07473968,.13779414,111.66706,160.41922,131.21072,10.48495,1.090359
2016,Lake of the Woods,.43951142,0,.054265112,.15513231,99.463425,433.05518,140.9973,240.69316,1.0574068
2016,Watonwan,.40427548,.13877028,.092636228,.036955297,94.362999,99.140633,163.72736,6.3973851,1.728865
2016,Cass,.44878897,.026003823,.091631055,.17201717,100.18203,184.40897,154.57832,47.878124,1.1110984
2016,Martin,.91413635,.14530119,1.5757652e-14,.11400323,123.01347,191.40027,208.16573,17.687576,1.4860123
2016,Meeker,.46970958,.13026597,.11446361,.072398223,103.48658,197.61609,162.82886,15.097452,1.6418737
2016,Nicollet,.63504851,.25011638,.016793417,.049693219,139.36639,186.05711,152.37279,13.559,1.0036882
2016,Morrison,.54853082,.049358595,.11213055,.070619829,112.16292,206.32161,164.08789,37.728153,1.3430986
2016,Sibley,.60899115,.0010707132,.022721427,.10258037,95.781837,242.87881,151.82864,9.2264442,1.3739277
2016,McLeod,.68448079,.13564037,.039945181,.091884032,127.48616,203.36819,158.63618,9.8450012,1.1250308
2016,Itasca,.50604129,.090686478,.13392869,.14844689,97.756653,141.54359,149.0388,23.173246,1.1177948
2016,Blue Earth,.8268699,.28282183,.024112798,.19964756,124.81315,187.31461,162.20784,10.435064,1.0699739
2016,Crow Wing,.48171291,.16152732,.048342746,.057320826,130.44902,161.80943,150.17511,34.113621,1.0980104
2016,Koochiching,.52205777,0,0,.19040561,94.804832,299.29593,336.96753,10.081962,2.5741119
2016,Benton,.65968817,.18066531,.064136177,.032050341,142.78761,204.7753,192.21242,16.540901,1.3323442
2016,Faribault,.71823657,.19415151,.12682281,.11628411,128.75644,203.46495,178.91472,36.785362,1.3246255
2016,Wright,.45289677,.12501916,.074998811,.043493744,160.4575,243.16383,207.7477,10.904214,1.2585261
2016,Sherburne,.50236058,.16923739,.032217335,.023421904,159.64514,220.16478,215.16086,12.618035,1.3083959
2016,Carver,.53480226,.33670124,.15213379,.020929519,214.59308,260.9873,269.02686,9.8674984,1.3004247
2016,Le Sueur,.68540138,.077271454,.083737105,.10375658,128.20808,224.92021,180.22861,9.2531881,1.2501593
2016,Mille Lacs,.53859633,.26495087,.05209586,.055325683,136.81931,181.01199,167.58473,37.531956,1.2199737
2016,Scott,.53378445,.20172006,.070473894,.02147276,202.84676,272.23175,281.19568,8.6975508,1.4202754
2016,Aitkin,.60229743,.0036002314,.07083784,.16047749,106.30224,195.35806,153.89406,48.515102,1.165459
2016,Waseca,.49045891,.068582721,3.2448069e-16,.069599658,123.17917,187.68117,319.47153,5.2633495,2.2551205
2016,Hennepin,.54293066,.39845628,.17689864,.036117427,244.03598,286.50934,301.41733,7.855689,1.2681655
2016,Freeborn,.43133003,.10103893,.041520935,.037464794,123.93478,177.24078,169.42152,21.204792,1.5300366
2016,Isanti,.35014331,.17303978,.094038151,.031149067,152.45477,199.01479,183.01414,18.866102,1.1745999
2016,Rice,.42706251,.11955228,.032791611,.038380083,146.67712,200.18921,183.41167,8.7513342,1.2153026
2016,Kanabec,1.0975701,.11788618,.063191049,.55375749,102.39027,182.47989,151.17113,28.875639,1.0732898
2016,Anoka,.49618739,.24248429,.1379052,.033575282,198.91052,257.77936,256.69891,9.7948036,1.3456738
2016,Steele,.70677334,.16010173,.085321449,.059505481,133.72449,204.16811,215.91516,7.5492816,1.5929641
2016,Dakota,.57078898,.3175838,.14063166,.033814326,221.06488,276.92398,285.82922,8.0885735,1.3449348
2016,Ramsey,.43737823,.26244852,.15259387,.059474941,208.95592,275.94485,279.6727,7.4686747,1.3217574
2016,Pine,.39458382,.053454466,.083951749,.063103519,120.09641,190.55566,166.68637,38.668819,1.5894279
2016,Chisago,.40682802,.12712599,.040248405,.040703394,147.63229,224.49347,225.18018,13.942252,1.4262525
2016,St. Louis,.49646941,.17469582,.055848774,.11009195,129.2386,195.28923,185.44905,14.667164,1.2562608
2016,Dodge,.67474771,.10909022,.00042288392,.054857537,133.30499,171.23775,169.69157,28.258066,1.2098835
2016,Goodhue,.49810734,.10204447,.10788309,.052824777,133.62796,175.33926,194.4053,13.697284,1.3651778
2016,Mower,.41160953,.076040216,.060132161,.074342661,106.37335,232.41536,226.30287,13.368959,2.251663
2016,Washington,.50776362,.24740045,.1333774,.05204827,201.32883,281.81934,279.05533,8.1802149,1.3722382
2016,Carlton,.56805193,.23828153,.27306819,.070496142,126.91384,152.81517,159.17436,14.698458,1.1801817
2016,Olmsted,.71894592,.27294141,.1724304,.10179985,173.61655,255.55954,253.16954,8.2078466,1.4976132
2016,Wabasha,.65242922,.067089073,.055252772,.06840279,127.39902,213.33531,159.60014,23.737514,1.1519599
2016,Fillmore,.67625719,.22998069,2.7704120e-15,.10138015,129.56334,217.3992,247.46425,42.34766,1.8970386
2016,Winona,.73050994,.19075179,.11018937,.063031577,126.86018,188.10033,186.70161,18.471233,1.3930215
2016,Lake,.23906493,0,0,.0463962,102.48406,257.40811,257.47189,15.379848,1.9608833
2016,Houston,.78635323,.099953458,.28802973,.14302129,112.37594,180.11836,143.61385,36.94009,1.1625912
2016,Cook,.8748315,.069032989,.2227166,.14314832,110.4827,399.57339,246.49269,101.4134,2.5259748
2017,Marshall,.63704473,.045509443,.061904915,.17198648,112.62837,731.86591,115.9534,90.238319,1.054383
2017,Kittson,.57197124,0,,.21305844,92.462082,1047.7649,,77.351563,
2017,Polk,.70769036,.21382858,.1778141,.10139711,115.92133,262.15479,170.6808,40.668449,1.344645
2017,Traverse,.79609215,0,,.25288513,86.200508,395.37631,,29.887316,
2017,Norman,.80548912,.083545454,6.0317989e-14,.42416921,81.159492,260.25977,133.55212,21.544544,.88867718
2017,Clay,.57605726,.18252681,.095417038,.048844848,135.72377,251.37762,173.14908,24.537846,1.1919451
2017,Wilkin,.62903512,.025944974,,.13941382,98.151543,304.55081,,36.212841,
2017,Big Stone,.55795246,1.1496626e-14,,.091798276,90.836128,396.11548,,75.482147,
2017,Pennington,.7026664,.11356831,.011988208,.064560615,117.24803,242.28879,121.57063,39.298401,.96621424
2017,Lincoln,.91414011,0,.063575521,.23932248,76.544945,553.58722,194.37715,23.246634,1.7705733
2017,Rock,.67355877,0,.0093230288,.17360793,87.977859,444.2067,119.12065,26.176184,1.0213318
2017,Pipestone,.69875932,.069867902,.020864163,.15880637,87.123695,238.26576,111.14262,15.278319,.96813279
2017,Lac qui Parle,.42530331,.017110202,3.3711009e-07,.09948568,112.38525,337.6131,140.82613,197.9393,1.1488394
2017,Red Lake,1.6252035,.14002782,.057006162,.90383178,87.528481,424.07642,133.50558,10.841484,1.177706
2017,Yellow Medicine,.64066142,.047999002,.058996513,.12193164,96.357597,368.56519,240.38844,55.640434,2.1954818
2017,Otter Tail,.47655872,.032455124,.072551765,.12560385,102.60735,307.93903,182.11707,57.518616,1.4946327
2017,Roseau,.56329584,0,.036559138,.092774682,94.683868,1048.4259,108.61247,75.94545,1.0156641
2017,Stevens,.66613781,.094498724,.020990826,.15748902,80.659462,212.82443,107.75696,25.545938,1.0215067
2017,Becker,.58941388,.067961842,.17518479,.14591774,106.99417,422.51248,153.43526,64.438995,1.1462771
2017,Grant,.66061127,0,0,.25059158,91.305237,534.28577,139.52776,17.780294,1.1547294
2017,Swift,.64112854,.10902555,4.7769447e-23,.1297034,91.244133,301.80856,376.47479,95.213951,2.758388
2017,Murray,.71592468,.15255037,.00056166376,.10755026,103.17722,329.47141,412.60608,58.738056,3.7470896
2017,Lyon,.7618944,.14286642,.080474868,.11184747,107.14496,279.43997,151.85284,8.8591585,1.2496918
2017,Nobles,.41766924,.052413333,.040325377,.14709093,79.666237,183.8638,103.27555,38.306252,.95589125
2017,Mahnomen,.43605655,0,.18232028,.19090979,70.870613,499.45886,159.00836,31.027695,1.2601305
2017,Chippewa,.60527003,.10715997,.027169449,.11035623,94.577721,192.75439,126.02464,33.988823,1.1228774
2017,Pope,.46348268,.094776116,3.0755123e-26,.055430517,113.99661,231.66647,149.43941,55.972668,1.1419928
2017,Douglas,.78826123,.14434101,.12397297,.10360244,117.51263,226.55362,163.34949,26.154984,1.3214196
2017,Redwood,.51431257,.0028694468,.027467187,.082569972,98.988235,401.9473,203.94228,71.564034,1.7455308
2017,Clearwater,.4567683,0,.045079544,.10758699,99.316254,610.11609,338.2674,83.721191,2.8294082
2017,Beltrami,.51907462,.049938131,.026119111,.16155052,90.113396,332.47626,241.63289,29.962656,1.5741096
2017,Renville,.72486365,.22740398,2.4115830e-06,.088675357,88.563255,196.55542,208.15804,20.831375,1.6210393
2017,Jackson,.72523898,.15702213,.077067986,.17892192,94.039711,202.79576,99.953178,45.256329,.79028493
2017,Cottonwood,.49861041,.045248568,.089198537,.1193721,83.030014,181.29147,126.39581,43.047745,1.1551753
2017,Kandiyohi,.47236422,.11586688,.11752231,.068611808,112.17003,210.35606,165.81755,12.166066,1.3565719
2017,Hubbard,.46271718,.083741523,.17044973,.018836696,121.28301,321.20865,235.47546,183.05605,1.87578
2017,Todd,.42022854,.040672276,.070367925,.14073361,89.103241,343.87015,195.03531,33.789032,1.7049844
2017,Wadena,.47132593,.037230976,.041270837,.14066654,89.095436,373.43613,187.63715,34.556927,1.597737
2017,Stearns,.59953469,.16938794,.087447129,.058572598,134.87527,211.68971,213.27267,14.486949,1.578061
2017,Brown,.94350916,.18592201,.094003767,.20125952,97.738274,169.50375,123.24014,9.7099638,1.0237057
2017,Lake of the Woods,.41778699,0,.052004065,.17065477,75.998268,779.64862,133.50053,111.24813,.94282317
2017,Watonwan,.51333332,.25984621,.18193035,.042833336,103.5613,135.71126,79.649323,10.50689,.85855675
2017,Cass,.44786403,.03605013,.096558906,.19349372,90.527702,384.2016,218.30077,53.572803,1.3262905
2017,Martin,.83595318,.11806915,.011118227,.13124757,106.33185,263.94781,187.45592,29.943193,1.6690545
2017,Meeker,.45742249,.13026597,.15309505,.083273306,117.95666,265.54755,211.85252,17.486956,1.7591453
2017,Nicollet,.68355513,.33025169,.046304759,.065409072,135.84541,187.86084,141.43892,13.660617,.96481299
2017,Morrison,.57103318,.073317096,.072368667,.083798096,108.88941,220.82933,183.39551,49.92202,1.5600165
2017,Sibley,.57963645,.00073963887,.042266525,.10257532,97.138077,324.29086,132.68814,10.146461,1.1086954
2017,McLeod,.66118115,.12366951,.078347929,.098706923,118.04988,206.45747,188.64372,10.027808,1.4661249
2017,Itasca,.50171256,.093616836,.16615626,.15821563,97.86734,198.60582,135.94119,56.147766,1.0369939
2017,Blue Earth,.87009436,.36021969,.056973156,.20196886,120.88521,175.73747,166.36761,11.566237,1.1507652
2017,Crow Wing,.50508064,.19916497,.11015451,.065782502,126.77359,222.9586,206.17529,37.633877,1.5032295
2017,Koochiching,.43070576,0,.01681312,.19387221,79.797539,820.21735,127.23508,11.980645,1.1427524
2017,Benton,.61748356,.18046476,.085431509,.028891254,143.85805,216.37959,206.12177,22.198845,1.4543948
2017,Faribault,.68602729,.21962976,.17804959,.11628411,110.11956,216.44887,167.47029,50.771553,1.4170622
2017,Wright,.44360524,.14016351,.068003386,.046852507,157.63339,237.77327,198.03032,11.046815,1.2204212
2017,Sherburne,.45229685,.16702189,.03971044,.024384752,153.96671,222.90057,200.87204,13.347528,1.2642837
2017,Carver,.58965176,.40838966,.17853065,.020822603,213.3945,253.0835,252.70065,9.9440346,1.2245109
2017,Le Sueur,.68000323,.10901196,.10646112,.093949467,126.40299,224.7112,169.70308,11.175435,1.2308419
2017,Mille Lacs,.4877944,.23923388,.098523431,.055334676,123.16019,181.50473,169.32683,44.028133,1.3313123
2017,Scott,.51459819,.20568855,.083681606,.026157092,199.75122,261.66397,273.28906,8.7079353,1.427987
2017,Aitkin,.51076168,.0036002314,.086837478,.16047749,101.03747,398.47488,158.34077,49.125931,1.1581894
2017,Waseca,.46116307,.078275971,4.3550210e-16,.073172621,101.31358,146.40311,313.96188,5.4751196,2.6667902
2017,Hennepin,.56530887,.43109602,.20373362,.039913755,245.40953,283.9603,304.54449,7.8472943,1.2833381
2017,Freeborn,.41265282,.10748186,.13554898,.057442959,110.7626,207.92247,161.18736,20.583021,1.4257149
2017,Isanti,.34291443,.18060245,.0985642,.024621833,144.50204,220.47928,172.82559,21.697001,1.1090168
2017,Rice,.41521692,.12378675,.068140291,.04416237,137.6443,193.27708,169.10809,8.9259224,1.127436
2017,Kanabec,.97063285,.058922216,.087319404,.5535723,87.04467,198.98268,128.50011,27.720098,1.0520046
2017,Anoka,.50070536,.25125629,.1529417,.049911372,193.84897,260.40433,255.8322,9.9609709,1.3434887
2017,Steele,.66483688,.1539308,.10619457,.076911107,125.3491,208.77348,192.41121,7.4740701,1.4708886
2017,Dakota,.58605933,.32962894,.15996161,.054082811,214.00789,271.24774,279.53986,7.9889922,1.3166119
2017,Ramsey,.45958534,.28890017,.15613626,.066968776,207.54887,270.53122,275.28018,7.364687,1.265046
2017,Pine,.36033294,.031011682,.071196958,.074949667,113.30388,306.1004,179.31769,35.991718,1.3802199
2017,Chisago,.46979252,.13717051,.054045551,.10520382,130.82782,236.06297,169.63815,14.608056,1.1199007
2017,St. Louis,.4958818,.19130968,.087065391,.12193428,117.07803,221.52841,180.22147,19.940445,1.1918477
2017,Dodge,.62481517,.073893435,.0005815184,.07483916,126.29469,242.6577,177.28635,18.202223,1.2477821
2017,Goodhue,.46844673,.11639874,.10155448,.054801345,135.75581,191.46935,203.21603,13.575091,1.3996018
2017,Mower,.39903092,.082461029,.06483791,.086758561,106.63577,194.22646,137.35538,9.2576942,1.0905381
2017,Washington,.52184629,.27163565,.14037649,.054952051,202.81334,280.28033,259.75888,8.2830076,1.2322551
2017,Carlton,.60699266,.26258829,.2723771,.11985051,119.25127,203.17616,175.44171,19.310688,1.2432671
2017,Olmsted,.71107352,.28449556,.19029175,.10765842,182.08022,260.70142,243.41933,8.1093473,1.3469082
2017,Wabasha,.6444118,.067089073,.05955115,.073292233,125.49811,220.09068,142.58751,28.091026,1.0650412
2017,Fillmore,.59184873,.22282825,.028194837,.10138018,108.40228,258.23856,134.61763,76.252342,1.15465
2017,Winona,.582376,.19266365,.097234525,.097830214,118.76146,206.55716,163.98735,23.06881,1.215042
2017,Lake,.27642739,0,.012364234,.053367414,102.2962,485.38589,413.88666,23.263527,3.201947
2017,Houston,.75862002,.16124201,.13286659,.1731557,101.71804,234.38942,123.85091,36.647446,.97792029
2017,Cook,.70928741,.069032989,.20666559,.14314832,124.28538,589.48248,305.3284,227.04298,2.4960399
2018,Marshall,.53263664,.045509443,1.0530276e-06,.12280293,120.207,217.74794,152.43755,38.784882,1.0904292
2018,Kittson,.57357049,0,,.13989252,103.57853,289.36749,,31.778103,
2018,Polk,.65771502,.093907021,.062943839,.19653636,100.89811,200.43604,131.52068,10.751065,.96885645
2018,Traverse,.68383378,0,,.25288513,90.856094,283.63702,,10.816198,
2018,Norman,.86158186,.083545454,.083545454,.42416921,91.547241,178.99313,173.19939,17.014826,1.4436377
2018,Clay,.54281384,.17230499,.083140776,.040310659,148.35156,214.37755,168.08321,9.9714499,1.0641192
2018,Wilkin,.58512533,.027682915,,.12320653,100.31257,214.50546,,15.693519,
2018,Big Stone,.63591528,1.1496626e-14,,.11276912,95.040092,187.90094,,15.253117,
2018,Pennington,.69824827,.11356831,.011988208,.04124359,124.48956,161.05951,137.57062,15.199841,1.0468481
2018,Lincoln,.79139787,0,.073511109,.18358083,83.585602,257.39447,117.96198,14.293635,1.0740092
2018,Rock,.60166663,0,.00065261201,.062356781,98.865181,203.70297,198.14847,14.478985,1.9057493
2018,Pipestone,.63267851,.069867902,.020864163,.12401576,93.702591,162.06181,117.88715,8.7885876,.99082673
2018,Lac qui Parle,.45494691,.034216195,.000064666463,.1446287,97.40403,172.78862,180.90001,18.343035,1.0404885
2018,Red Lake,1.5708685,.1058965,,.90383178,89.051773,150.79474,,10.841484,
2018,Yellow Medicine,.55818927,.024327518,.08556316,.058931183,112.85929,214.55157,183.92815,21.586199,1.5162944
2018,Otter Tail,.51194119,.043550156,.036062635,.15788592,102.83103,184.73024,154.30736,15.082883,1.1465452
2018,Roseau,.48437029,0,.035455264,.016118124,110.45203,328.08453,109.43753,43.98394,.98697013
2018,Stevens,.66501456,.094486147,.046646137,.15748902,81.76149,181.86867,117.95858,9.4982872,1.082719
2018,Becker,.53452891,.034399264,.13823685,.13866618,112.02175,225.55208,163.08945,17.97163,1.258368
2018,Grant,.62410456,0,.077758916,.25059158,89.363899,213.44684,128.87581,14.021419,1.0512782
2018,Swift,.76339173,.27874792,1.2738520e-22,.11335548,103.46728,154.6149,152.64053,22.593172,1.2583784
2018,Murray,.70730346,.15255037,.0010430898,.052929737,113.63754,166.87787,122.78585,23.691633,.79011351
2018,Lyon,.75570309,.17143114,.086751789,.10022891,117.02716,181.42574,127.92252,7.2419991,.97583079
2018,Nobles,.36176538,.060466807,.043689661,.080926128,104.38538,172.85771,149.10669,11.979398,1.1962976
2018,Mahnomen,.4014585,0,.14861366,.15888992,71.758446,259.26169,157.69019,13.189986,1.0545285
2018,Chippewa,.51838815,.093069963,.12865193,.062616125,120.37087,216.73576,214.978,32.986954,1.814374
2018,Pope,.47534874,.094775647,2.7106867e-20,.030211071,126.73515,233.90219,164.65323,22.774673,1.1569438
2018,Douglas,.68932438,.12581925,.10335349,.058942165,129.41182,184.58745,185.10089,12.894831,1.4132411
2018,Redwood,.49677354,.0025333592,.024660321,.082569972,102.30922,164.93129,142.14073,18.79921,1.2133607
2018,Clearwater,.44391039,0,.19309869,.0670399,108.90651,253.11897,147.92316,19.413374,.72321266
2018,Beltrami,.46513167,.051343165,.038828366,.098541796,104.27106,208.00417,139.01295,18.064039,1.0051606
2018,Renville,.6433804,.15307423,3.5526368e-06,.088675372,95.127258,159.1763,177.30956,13.097837,1.4125059
2018,Jackson,.6427936,.15073825,.059188213,.14269486,103.35313,142.17351,125.13287,13.057258,1.0133307
2018,Cottonwood,.49587077,.042774223,.087676041,.088231146,93.391083,108.97717,107.71799,14.77208,.93480134
2018,Kandiyohi,.46032345,.10477688,.077179924,.08503934,113.24895,197.7827,155.69885,10.645724,1.1921293
2018,Hubbard,.42968717,.032317895,.12359054,.069892935,117.4184,192.36646,138.98875,20.972544,1.02865
2018,Todd,.40899661,.014914579,.058760159,.11932395,96.523186,189.54628,134.08067,13.920355,1.1258003
2018,Wadena,.51331896,.074106932,.044691917,.14024945,91.096336,161.94528,135.64516,10.410851,1.1035748
2018,Stearns,.57553321,.15867329,.082923271,.061136819,149.05156,223.91548,199.24309,10.988242,1.2592973
2018,Brown,.87269551,.15858126,.069745384,.16116703,108.00591,158.62105,124.69801,7.6989036,.9785791
2018,Lake of the Woods,.41339511,0,.054265112,.15513231,87.171425,439.09964,125.73927,24.815424,1.0434761
2018,Watonwan,.46983656,.18476087,.026322613,.065592907,130.23502,200.3793,102.87645,4.6620965,.77500004
2018,Cass,.38268426,.086271085,.10544557,.11458997,108.98296,204.25104,155.99255,23.103807,1.1386771
2018,Martin,.76459122,.057201706,.013207106,.13135886,105.78279,215.28719,110.89154,11.955219,.91866398
2018,Meeker,.43909001,.15045816,.19790648,.068817072,128.83023,214.86375,192.65651,12.370349,1.567559
2018,Nicollet,.57682329,.26455691,.034729294,.063125461,143.02965,191.62892,159.96951,9.2518368,1.0318052
2018,Morrison,.50680971,.046815272,.058595017,.091687173,111.5013,194.76816,158.00995,17.857986,1.2807637
2018,Sibley,.52934223,.001402807,.032435115,.080915757,103.68278,239.10378,146.22818,11.023375,1.1898119
2018,McLeod,.6128127,.110392,.051024623,.090852499,128.08247,228.231,161.21472,8.9796677,1.1063627
2018,Itasca,.49436855,.03993383,.07082098,.21386027,93.150566,182.98753,169.12854,14.212129,1.2314498
2018,Blue Earth,.8335678,.33549345,.048725933,.21081027,127.8547,194.74619,158.93433,8.6076612,.97629941
2018,Crow Wing,.50682533,.18980752,.1179195,.073609062,131.44342,179.98199,158.22903,15.707529,1.098966
2018,Koochiching,.35550326,0,0,.15472405,94.85186,333.62756,277.98441,10.70349,1.4834195
2018,Benton,.62701219,.17670201,.083301894,.039683357,157.83315,236.89894,222.84816,12.914234,1.394062
2018,Faribault,.69456673,.11261907,.086396046,.19961378,99.623802,156.21454,161.9706,18.116039,1.4262906
2018,Wright,.42573223,.14318833,.062336698,.043217186,174.83179,282.98145,213.40257,10.501399,1.1518254
2018,Sherburne,.44056565,.15975338,.037757602,.022566404,172.40482,247.0625,234.49884,11.152226,1.3282478
2018,Carver,.5551936,.37888706,.14735201,.026736123,232.57683,282.75336,286.11972,8.8683939,1.2300646
2018,Le Sueur,.67169201,.021955768,.048219841,.1615621,124.45493,239.12042,177.8717,8.3716192,1.2514275
2018,Mille Lacs,.46802813,.23049474,.088121265,.055334676,128.80632,166.27475,178.34988,15.748074,1.3438636
2018,Scott,.5317378,.23189154,.081307508,.029656187,219.53458,298.53619,300.60373,8.6181669,1.3964963
2018,Aitkin,.50375044,.0052803396,.073754847,.16047749,104.72227,208.52121,159.82091,15.500192,1.1345612
2018,Waseca,.46869081,.081658572,1.0363226e-17,.073169135,107.21838,151.22081,187.85844,5.2718973,1.5465113
2018,Hennepin,.56165743,.42329651,.19814478,.050417982,269.94333,320.6066,342.20993,8.0987453,1.2977519
2018,Freeborn,.42931375,.085008487,.09753824,.067794897,112.1406,176.26555,170.14705,13.465548,1.4802326
2018,Isanti,.35230398,.1985345,.09885706,.024610214,161.56299,208.38695,188.05058,13.222325,1.1356338
2018,Rice,.41002232,.12542978,.067663364,.04416253,145.86847,193.79005,172.22485,8.0225954,1.0943863
2018,Kanabec,.43554154,.05416042,.072629809,.05036132,119.96291,153.3654,142.77455,17.749088,1.0869505
2018,Anoka,.47385463,.25140443,.15180382,.033578508,219.2216,286.48306,281.8735,9.8093386,1.3662646
2018,Steele,.67406386,.176824,.11143129,.079407699,134.07806,218.74568,198.1478,6.9773927,1.3969249
2018,Dakota,.53877854,.33195743,.15805109,.021918036,250.8596,306.58765,316.10614,8.3773966,1.3478591
2018,Ramsey,.37784746,.24782091,.14669181,.032619733,250.63469,314.60007,318.98697,7.4928193,1.3732437
2018,Pine,.35295901,.018208943,.048098404,.078711703,115.32841,210.65872,193.12386,18.279768,1.4066517
2018,Chisago,.41317183,.157049,.054381855,.040437415,155.09477,237.30708,176.38263,11.898756,1.0369791
2018,St. Louis,.45024425,.17067006,.072300509,.10108998,128.61476,189.13501,158.823,10.069263,1.0400859
2018,Dodge,.58583391,.073702559,.0079050651,.074823365,131.62941,216.61714,184.76245,11.711975,1.270618
2018,Goodhue,.47811273,.1199646,.077607118,.052804481,144.03023,204.65218,201.87529,11.208103,1.2931024
2018,Mower,.3789258,.076040216,.063308425,.087857299,108.70322,173.47792,151.10762,8.8869133,1.1520894
2018,Washington,.50946504,.28432724,.14986511,.035000142,227.90596,299.44012,290.39807,8.1031771,1.2983539
2018,Carlton,.53375155,.15864824,.13548774,.1476047,102.12563,161.19658,153.82579,10.827525,1.0993046
2018,Olmsted,.70886755,.29443747,.18747038,.1203807,194.6153,284.27158,281.04663,7.8081436,1.4828219
2018,Wabasha,.65721595,.067089073,.067837469,.073292233,129.95041,220.40518,152.4614,14.466019,1.0863098
2018,Fillmore,.68483007,.29542643,.054358758,.10138018,107.67774,191.59991,142.67847,20.627228,1.1757269
2018,Winona,.65933472,.1942416,.059154596,.10140616,127.1073,206.48235,175.05508,12.267516,1.2293408
2018,Lake,.28221533,0,.045446914,.06876754,99.845421,278.31406,146.99184,9.3225269,.85853404
2018,Houston,.70307165,.15170854,.046320364,.1731557,101.89538,180.43251,128.33905,13.087979,.95379579
2018,Cook,1.1417999,.60581881,.22044329,.14314832,162.52768,223.31871,176.10725,32.538261,.99082083
