year,ED_region,county,Price,Capacity,ShareCCC,ShareFCC,SharePublic,ShareHighRated,ShareLowRated,t_underSA_cap,t_underSA_cap_pCCC,t_underSA_cap_FCC,t_underSA_cap_public,t_underSA_cap_HR,t_underSA_cap_pq12,region
2012,Southeast,Freeborn,99.507736,12.447527,.028985508,.95652175,.014492754,0,0,858.87939,166.73177,598.14764,94,0,0,Greater MN
2012,Metro,Washington,157.04419,16.311016,.08560311,.90661478,.0077821012,0,0,8383.8623,3954.5295,4329.3325,100,0,0,MSA
2012,Southwestcentral,Kandiyohi,101.04871,10.759118,.024193548,.94354838,.032258064,0,0,1334.1306,213.0878,1043.0428,78,0,0,Greater MN
2012,Southern,Olmsted,138.64262,14.623573,.05109489,.92700732,.02189781,0,0,8013.7183,2338.3198,4714.3984,961,0,0,Greater MN
2012,Southern,Winona,107.78809,12.086527,.048951048,.93006992,.020979021,0,0,1728.3734,404.06384,1244.3096,80,0,0,Greater MN
2012,Metro,Ramsey,161.87428,19.12392,.15809284,.83061481,.011292347,0,0,15241.765,8392.3936,5812.3716,1037,0,0,MSA
2012,Metro,Hennepin,180.58803,23.156048,.19972067,.79259777,.0076815644,0,0,33159.461,21230.641,10405.821,1523,0,0,MSA
2012,NorthCentral,Wadena,89.713669,10.621704,.028571429,.85714287,.11428571,0,0,371.75964,30.250132,271.50952,70,0,0,Greater MN
2012,Metro,Dakota,162.98358,16.445463,.094218418,.9004283,.005353319,0,0,15360.063,7161.3174,8064.7456,134,0,0,MSA
2012,Metro,Anoka,146.48615,14.883202,.084832907,.91131103,.0038560412,0,0,11579.131,4826.1924,6472.9385,280,0,0,MSA
2012,Southcentral,Sibley,104.01101,9.7773809,0,.9464286,.053571429,0,0,547.53333,0,517.53333,30,0,0,Greater MN
2012,Northwest,Polk,100.34701,13.369189,.058252428,.90291262,.038834952,0,0,1377.0265,187.65034,902.37622,287,0,0,Greater MN
2012,Southern,Wabasha,114.58291,10.926923,.029411765,.95588237,.014705882,0,0,743.0307,83.187866,641.84283,18,0,0,Greater MN
2012,NorthCentral,Todd,77.861969,11.897715,0,.86000001,.14,0,0,594.88574,0,424.88571,170,0,0,Greater MN
2012,Southwest,Nobles,82.226357,12.014191,.040816326,.89795917,.06122449,0,0,588.69537,93.019157,418.67618,77,0,0,Greater MN
2012,Northwest,Pennington,99.495308,10.978854,.030769231,.95384616,.015384615,0,0,713.62549,111.92549,581.70001,20,0,0,Greater MN
2012,Southwest,Lyon,101.26486,12.499498,.048780486,.93495935,.016260162,0,0,1537.4382,322.92017,1138.5181,76,0,0,Greater MN
2012,Southern,Mower,106.92551,11.687452,.043478262,.93478262,.021739131,0,0,1075.2456,248.46939,800.77618,26,0,0,Greater MN
2012,Metro,Scott,157.96193,13.145879,.047422681,.94432992,.008247423,0,0,6375.7515,1852.8223,4382.9292,140,0,0,MSA
2012,Southcentral,Nicollet,117.49767,16.439217,.08791209,.91208792,0,0,0,1495.9688,684.36401,811.60474,0,0,0,Greater MN
2012,Southwestcentral,Renville,95.460228,13.45042,.02,.94,.039999999,0,0,672.52106,46.887703,469.63333,156,0,0,Greater MN
2012,Southeast,Dodge,118.99702,11.492857,.012195121,.96341461,.024390243,0,0,942.41431,124,763.41431,55,0,0,Greater MN
2012,Central,Stearns,110.25766,12.018538,.04174573,.95066416,.0075901328,0,0,6333.7695,1342.0979,4865.6714,126,0,0,Greater MN
2012,Southeast,Goodhue,122.88621,13.141943,.047244094,.93700784,.015748031,0,0,1669.0267,264.68866,1166.3381,238,0,0,Greater MN
2012,Central,Wright,133.39308,11.630757,.030162413,.95127612,.018561484,0,0,5001.2256,976.85431,3812.3713,212,0,0,MSA
2012,Southeast,Fillmore,99.074066,17.854015,.050000001,.89999998,.050000001,0,0,1071.2408,159.56944,523.67145,388,0,0,Greater MN
2012,Southcentral,Le Sueur,117.86514,10.306869,0,.98076922,.01923077,0,0,1071.9143,0,947.91431,124,0,0,Greater MN
2012,Southern,Rice,125.95359,11.954996,.042944785,.9447853,.012269938,0,0,1948.6643,457.9191,1370.7452,120,0,0,Greater MN
2012,EastCentral,Mille Lacs,106.6693,16.780094,.083333336,.89583331,.020833334,0,0,805.44452,375.10162,414.34286,16,0,0,Greater MN
2012,Southeast,Houston,100.4902,10.378577,.026666667,.92000002,.053333335,0,0,778.39331,102.85045,625.54285,50,0,0,Greater MN
2012,Headwaters,Beltrami,104.91535,13.700456,.055555556,.89682537,.047619049,0,0,1726.2574,246.31932,1056.9381,423,0,0,Greater MN
2012,Central,Sherburne,126.97739,13.281995,.049618322,.94274807,.0076335878,0,0,3479.8828,1043.697,2399.1858,37,0,0,MSA
2012,Southwestcentral,Meeker,99.460503,13.239017,.04255319,.91489363,.04255319,0,0,622.23376,148.80042,413.43335,60,0,0,Greater MN
2012,Arrowhead,Saint Louis,111.7261,16.02401,.10029498,.83775812,.061946902,0,0,5432.1392,1632.7057,2720.4333,1079,0,0,Greater MN
2012,Southcentral,Martin,93.82357,10.939873,.014705882,.9852941,0,0,0,743.91138,79.406593,664.50476,0,0,0,Greater MN
2012,Westcentral,Wilkin,93.499344,9.3761902,0,.95999998,.039999999,0,0,234.40475,0,217.40475,17,0,0,Greater MN
2012,Westcentral,Otter Tail,101.41637,10.775779,.034965035,.94405591,.020979021,0,0,1540.9363,159.1506,1263.7858,118,0,0,Greater MN
2012,Southwestcentral,McLeod,107.60728,11.593334,.023255814,.94573641,.031007752,0,0,1495.54,170.8877,1171.6523,153,0,0,Greater MN
2012,Westcentral,Clay,112.57717,12.665451,.049019609,.93627453,.014705882,0,0,2583.7522,679.59021,1764.1619,140,0,0,Greater MN
2012,NorthCentral,Morrison,96.13723,10.705651,.0094339624,.9528302,.03773585,0,0,1134.799,45.375198,956.42383,133,0,0,Greater MN
2012,UpperMNvalley,Chippewa,88.994629,12.210752,.02631579,.92105263,.052631579,0,0,464.00858,57.47525,343.53333,63,0,0,Greater MN
2012,Northwest,Red Lake,76.544395,18.70153,.041666668,.83333331,.125,0,0,448.83673,29.493879,186.34286,233,0,0,Greater MN
2012,Southwest,Murray,85.421852,11.454542,.03846154,.96153843,0,0,0,297.81812,57.47525,240.34286,0,0,0,Greater MN
2012,Metro,Carver,160.5578,16.294762,.088372096,.90697676,.0046511628,0,0,3503.3738,1700.3311,1783.0428,20,0,0,MSA
2012,NorthCentral,Crow Wing,116.43881,13.086236,.075342469,.9041096,.020547945,0,0,1910.5905,499.81424,1240.7762,170,0,0,Greater MN
2012,Westcentral,Stevens,90.004295,11.911597,.03125,.9375,.03125,0,0,381.17111,65.037781,296.13333,20,0,0,Greater MN
2012,Southcentral,Blue Earth,114.40672,15.740016,.074626863,.91044778,.014925373,0,0,3163.7432,810.59552,1738.1476,615,0,0,Greater MN
2012,Southern,Steele,107.27512,13.496507,.03846154,.94871795,.012820513,0,0,2105.4551,503.54547,1458.9095,143,0,0,Greater MN
2012,Southcentral,Brown,96.311279,12.278367,.043859649,.93859649,.01754386,0,0,1399.7339,224.81958,1069.9143,105,0,0,Greater MN
2012,EastCentral,Chisago,131.88641,13.329654,.064814813,.93518519,0,0,0,1439.6027,471.12643,968.4762,0,0,0,MSA
2012,Central,Benton,112.56759,11.033618,.018750001,.97500002,.0062500001,0,0,1765.3789,216.28845,1515.0905,34,0,0,Greater MN
2012,NorthCentral,Cass,92.978256,21.861647,.03773585,.81132078,.1509434,0,0,1158.6672,64.281525,407.38571,687,0,0,Greater MN
2012,Northwest,Roseau,85.414085,10.14213,0,.94444442,.055555556,0,0,730.23334,0,634.23334,96,0,0,Greater MN
2012,Southcentral,Watonwan,85.359993,13.330995,.09375,.875,.03125,0,0,426.59183,131.32516,278.26666,17,0,0,Greater MN
2012,Westcentral,Douglas,102.49516,11.897982,.020547945,.9520548,.02739726,0,0,1737.1053,208.18147,1382.9238,146,0,0,Greater MN
2012,Arrowhead,Cook,82.112549,10.09876,.1,.60000002,.30000001,0,0,100.9876,22.687599,53.299999,25,0,0,Greater MN
2012,Arrowhead,Itasca,95.98056,13.94409,.048192769,.81927711,.13253012,0,0,1157.3595,159.48802,656.87146,341,0,0,Greater MN
2012,Southwest,Cottonwood,92.216507,10.655681,.025641026,.92307693,.051282052,0,0,415.57153,24.200106,353.37143,38,0,0,Greater MN
2012,Headwaters,Clearwater,77.228745,11.485714,0,.83333331,.16666667,0,0,206.74286,0,141.74286,65,0,0,Greater MN
2012,Northwest,Norman,79.726326,14.152632,.052631579,.84210527,.10526316,0,0,268.89999,69,149.89999,50,0,0,Greater MN
2012,Westcentral,Becker,106.08027,10.942733,.0086956518,.93913043,.052173913,0,0,1258.4143,30,1001.4143,227,0,0,Greater MN
2012,Southwest,Redwood,93.167107,9.6651306,0,.96774191,.032258064,0,0,599.2381,0,560.2381,39,0,0,Greater MN
2012,Arrowhead,Carlton,112.83685,14.273586,.059701491,.92537314,.014925373,0,0,956.33032,192.84459,562.48572,201,0,0,Greater MN
2012,Headwaters,Hubbard,102.82137,11.563049,.039215688,.94117647,.019607844,0,0,589.71552,71.844063,447.87143,70,0,0,Greater MN
2012,Arrowhead,Koochiching,100.1591,10.423188,0,.95652175,.043478262,0,0,239.73334,0,203.73334,36,0,0,Greater MN
2012,Westcentral,Pope,93.014267,11.986246,.0625,.875,.0625,0,0,383.55988,78.650345,252.90953,52,0,0,Greater MN
2012,Southwest,Pipestone,94.835617,10.767114,.029411765,.94117647,.029411765,0,0,355.31476,40.081425,295.23334,20,0,0,Greater MN
2012,UpperMNvalley,Yellow Medicine,87.429016,10.561747,.02,.89999998,.079999998,0,0,528.08734,31.006386,427.08096,70,0,0,Greater MN
2012,Southcentral,Waseca,100.20669,10.35356,.026666667,.95999998,.013333334,0,0,776.51709,90.750397,668.76666,17,0,0,Greater MN
2012,UpperMNvalley,Lac qui Parle,82.767487,10.450793,0,.90476191,.095238097,0,0,219.46667,0,182.46667,37,0,0,Greater MN
2012,Westcentral,Grant,86.377098,10.080714,0,.85000002,.15000001,0,0,201.61429,0,157.61429,44,0,0,Greater MN
2012,EastCentral,Pine,115.87574,10.235238,.018181818,.96363634,.018181818,0,0,562.93811,34,503.93811,25,0,0,Greater MN
2012,EastCentral,Isanti,128.88783,16.960253,.15217391,.84782606,0,0,0,780.17163,429.66684,350.50476,0,0,0,MSA
2012,Northwest,Marshall,87.968719,10.708339,.03125,.875,.09375,0,0,342.66684,36.300159,258.36667,48,0,0,Greater MN
2012,EastCentral,Kanabec,102.23235,22.388397,.029411765,.94117647,.029411765,0,0,761.20551,31.762638,316.44287,413,0,0,Greater MN
2012,UpperMNvalley,Big Stone,82.484596,9.7754383,0,.89473683,.10526316,0,0,185.73334,0,152.73334,33,0,0,Greater MN
2012,Southwest,Lincoln,91.592422,9.7746029,0,1,0,0,0,205.26666,0,205.26666,0,0,0,Greater MN
2012,UpperMNvalley,Swift,86.883018,10.66626,.025641026,.8974359,.07692308,0,0,415.98413,49.912716,331.07144,35,0,0,Greater MN
2012,Headwaters,Lake of the Woods,84.10247,9.9129868,0,.90909094,.090909094,0,0,109.04285,0,85.042854,24,0,0,Greater MN
2012,Headwaters,Mahnomen,81.079269,14.916918,.05882353,.7647059,.17647059,0,0,253.5876,22.687599,117.9,113,0,0,Greater MN
2012,Southwest,Jackson,91.041313,12.036415,.052631579,.92105263,.02631579,0,0,457.38379,102.85045,329.53333,25,0,0,Greater MN
2012,Arrowhead,Aitkin,108.79449,12.639074,.041666668,.91666669,.041666668,0,0,303.33777,65.037781,213.3,25,0,0,Greater MN
2012,Southcentral,Faribault,83.245628,13.686427,.068965517,.82758623,.10344828,0,0,396.90637,94.006386,240.89999,62,0,0,Greater MN
2012,Northwest,Kittson,79.464073,9.6611109,0,.83333331,.16666667,0,0,173.89999,0,137.89999,36,0,0,Greater MN
2012,Southwest,Rock,93.308327,9.8956518,0,1,0,0,0,455.20001,0,455.20001,0,0,0,Greater MN
2012,Arrowhead,Lake,105.48579,9.9314356,.06666667,.86666667,.06666667,0,0,148.97153,24.200106,115.77143,9,0,0,Greater MN
2012,Westcentral,Traverse,79.766891,10.269231,0,.84615386,.15384616,0,0,133.5,0,101.5,32,0,0,Greater MN
2013,Headwaters,Mahnomen,87.133392,14.682645,.055555556,.77777779,.16666667,.44444445,.55555558,264.2876,22.687599,128.60001,113,172.98759,91.300003,Greater MN
2013,Arrowhead,Saint Louis,117.22948,15.884048,.095628418,.85792351,.046448089,.062841527,.93715847,5813.5615,1727.4996,3016.062,1070,1274.0564,4539.5054,Greater MN
2013,Southern,Olmsted,142.77589,14.440672,.050724637,.92753625,.021739131,.056159422,.94384056,7971.251,2264.5764,4723.6748,983,2090.8599,5880.3911,Greater MN
2013,Southcentral,Blue Earth,118.2947,15.830772,.07,.91500002,.015,.025,.97500002,3166.1543,803.98297,1754.1714,608,626,2540.1543,Greater MN
2013,Southwest,Lyon,106.76361,12.345229,.039370079,.94488192,.015748031,.015748031,.98425198,1567.8441,278.30121,1199.5428,90,90,1477.8441,Greater MN
2013,Arrowhead,Carlton,116.42947,14.752564,.078947365,.90789473,.013157895,.039473683,.96052629,1121.1949,254.67589,639.51904,227,298.0878,823.10712,Greater MN
2013,Southern,Rice,128.59856,11.720927,.041916169,.9461078,.011976048,.017964073,.98203593,1957.3949,446.21393,1417.1809,94,151,1806.3949,Greater MN
2013,Westcentral,Clay,115.68633,13.135012,.048309177,.93719804,.014492754,.019323671,.98067635,2718.9473,679.59021,1799.3572,240,308.81906,2410.1282,Greater MN
2013,Central,Stearns,112.48122,12.19992,.045787547,.94688642,.0073260074,.018315019,.98168498,6661.1563,1536.4049,4932.7515,192,548.81372,6112.3428,Greater MN
2013,Southeast,Freeborn,104.13168,12.137376,.026666667,.95999998,.013333334,.013333334,.98666668,910.30322,166.73177,649.57141,94,94,816.30322,Greater MN
2013,NorthCentral,Crow Wing,118.74752,12.898005,.079268292,.902439,.018292682,.018292682,.98170733,2115.2729,589.33954,1369.9333,156,156,1959.2728,Greater MN
2013,Southcentral,Martin,98.989006,10.922544,.014285714,.98571426,0,0,1,764.578,79.406593,685.17145,0,0,764.578,Greater MN
2013,Arrowhead,Itasca,101.03312,14.628222,.044943821,.83146065,.12359551,.15730338,.84269661,1301.9119,159.48802,705.42383,437,509.93774,791.97412,Greater MN
2013,Southwestcentral,McLeod,109.51749,12.528792,.030303031,.93181819,.037878789,.037878789,.96212119,1653.8007,206.20064,1204.6,243,243,1410.8007,Greater MN
2013,Southcentral,Brown,101.64975,11.80135,.034782607,.95652175,.0086956518,.017391304,.98260868,1357.1553,236.85045,1110.3048,10,24,1333.1553,Greater MN
2013,Southern,Wabasha,119.50908,10.657622,.027027028,.95945948,.013513514,.013513514,.98648649,788.66406,83.187866,685.4762,20,20,768.66406,Greater MN
2013,Southwest,Cottonwood,98.304054,10.459352,.024390243,.92682928,.048780486,.048780486,.9512195,428.83344,24.200106,366.63333,38,38,390.83344,Greater MN
2013,Northwest,Roseau,90.210159,10.010959,0,.94520545,.05479452,.05479452,.94520545,730.79999,0,634.79999,96,96,634.79999,Greater MN
2013,Southwestcentral,Renville,100.93497,32.451687,.01923077,.94230771,.03846154,.03846154,.96153843,1687.4877,46.887703,480.60001,1160,1160,527.48773,Greater MN
2013,Arrowhead,Koochiching,106.75012,10.236905,0,.96428573,.035714287,.035714287,.96428573,286.63333,0,241.63333,45,45,241.63333,Greater MN
2013,Westcentral,Otter Tail,106.70286,10.450422,.024691358,.95679015,.018518519,.018518519,.98148149,1692.9684,138.73177,1436.2367,118,118,1574.9684,Greater MN
2013,Southeast,Fillmore,101.64257,18.480011,.05172414,.89655173,.05172414,.05172414,.94827586,1071.8406,179.06918,505.77142,387,387,684.84064,Greater MN
2013,Westcentral,Douglas,105.4902,12.599814,.025316456,.94303799,.03164557,.03164557,.9683544,1990.7708,261.87546,1478.8953,250,250,1740.7708,Greater MN
2013,Southern,Mower,111.34699,11.234124,.039999999,.94,.02,.02,.98000002,1123.4124,252.76956,844.64288,26,26,1097.4124,Greater MN
2013,NorthCentral,Todd,87.71656,11.063117,0,.90909094,.090909094,.090909094,.90909094,608.47144,0,492.47144,116,116,492.47144,Greater MN
2013,NorthCentral,Cass,98.190979,20.299929,.033898305,.83050847,.13559322,.15254237,.84745765,1197.6958,64.281525,466.41428,667,677,520.6958,Greater MN
2013,UpperMNvalley,Swift,89.247231,11.492104,.025,.89999998,.075000003,.1,.89999998,459.68414,49.912716,351.77142,58,107.91272,351.77142,Greater MN
2013,Southern,Steele,110.13345,13.037028,.037267081,.95031059,.01242236,.018633541,.98136646,2098.9617,477.95209,1524.0095,97,293.62585,1805.3357,Greater MN
2013,Headwaters,Clearwater,84.589394,11.055238,0,.85000002,.15000001,.2,.80000001,221.10477,0,156.10477,65,72.300003,148.80476,Greater MN
2013,Southern,Winona,110.68305,12.015289,.046979867,.93288589,.020134227,.033557046,.96644294,1790.2782,404.06384,1300.2142,86,227.38797,1562.8901,Greater MN
2013,Southwest,Murray,90.268845,11.064828,.034482758,.96551722,0,0,1,320.88,57.47525,263.40475,0,0,320.88,Greater MN
2013,Southwest,Rock,99.37188,9.7299995,0,1,0,0,1,486.5,0,486.5,0,0,486.5,Greater MN
2013,Northwest,Pennington,103.28407,10.925935,.029411765,.95588237,.014705882,.014705882,.9852941,742.96356,111.92549,611.03809,20,20,722.96356,Greater MN
2013,Southcentral,Watonwan,90.486023,13.54037,.09375,.875,.03125,.03125,.96875,433.29184,131.32516,284.96667,17,17,416.29184,Greater MN
2013,Central,Benton,115.97701,11.384486,.017857144,.97619045,.0059523811,.0059523811,.99404764,1912.5936,225.55081,1623.0428,64,64,1848.5936,Greater MN
2013,Arrowhead,Lake,111.04769,10.648418,.055555556,.8888889,.055555556,.055555556,.94444442,191.67154,24.200106,144.47144,23,23,168.67154,Greater MN
2013,Southeast,Goodhue,125.32159,11.448118,.046153847,.93846154,.015384615,.015384615,.98461539,1488.2554,264.68866,1183.5667,40,40,1448.2554,Greater MN
2013,Northwest,Polk,105.76524,12.978641,.055555556,.9074074,.037037037,.064814813,.93518519,1401.6932,181.65034,933.04285,287,348.59393,1053.0992,Greater MN
2013,EastCentral,Mille Lacs,113.48139,18.22566,.070175439,.91228068,.01754386,.052631579,.94736844,1038.8627,375.85788,490.00476,173,247.28152,791.58112,Greater MN
2013,Southcentral,Nicollet,120.91534,15.303443,.086021505,.91397852,0,.032258064,.96774191,1423.2202,595.38208,827.83807,0,30,1393.2202,Greater MN
2013,Southwest,Lincoln,98.395279,9.9708338,0,1,0,0,1,239.3,0,239.3,0,0,239.3,Greater MN
2013,Westcentral,Stevens,100.38149,11.499259,.025641026,.94871795,.025641026,.025641026,.97435898,448.4711,65.037781,363.43332,20,20,428.4711,Greater MN
2013,Northwest,Marshall,95.44223,10.563779,.055555556,.8611111,.083333336,.083333336,.91666669,380.29602,43.862694,288.43332,48,48,332.29602,Greater MN
2013,Southcentral,Waseca,103.20538,10.632604,.029411765,.95588237,.014705882,.014705882,.9852941,723.01709,90.750397,615.26666,17,17,706.01709,Greater MN
2013,Southcentral,Faribault,85.529739,13.473546,.06666667,.83333331,.1,.1,.89999998,404.20639,94.006386,248.2,62,62,342.20639,Greater MN
2013,UpperMNvalley,Chippewa,91.4394,12.183115,.027027028,.91891891,.054054055,.054054055,.94594592,450.77524,57.47525,333.29999,60,60,390.77524,Greater MN
2013,Headwaters,Beltrami,107.39446,13.45083,.046511628,.90697676,.046511628,.046511628,.95348835,1735.157,244.7818,1067.3752,423,423,1312.157,Greater MN
2013,NorthCentral,Morrison,101.23721,10.447372,.025,.95833331,.016666668,.025,.97500002,1253.6847,67.375198,1098.3096,88,98,1155.6847,Greater MN
2013,Southcentral,Sibley,109.76385,9.8672619,0,.9464286,.053571429,.053571429,.9464286,552.56665,0,522.56665,30,30,522.56665,Greater MN
2013,Southcentral,Le Sueur,121.14367,10.384004,0,.98058254,.019417476,.019417476,.98058254,1069.5524,0,945.55237,124,124,945.55237,Greater MN
2013,Southwestcentral,Meeker,100.39133,12.873745,.043478262,.9130435,.043478262,.065217391,.93478262,592.19226,136.1256,396.06668,60,70,522.19226,Greater MN
2013,Southwest,Nobles,84.347191,11.86151,.041666668,.89583331,.0625,.0625,.9375,569.35248,93.019157,399.33334,77,77,492.35248,Greater MN
2013,Westcentral,Pope,100.36386,11.512381,.051282052,.8974359,.051282052,.051282052,.94871795,448.98285,91.506653,305.4762,52,52,396.98285,Greater MN
2013,Southeast,Dodge,121.26558,11.344944,.011235955,.96629214,.02247191,.02247191,.9775281,1009.7,124,830.70001,55,55,954.70001,Greater MN
2013,UpperMNvalley,Yellow Medicine,93.308548,10.330525,.01923077,.92307693,.057692308,.07692308,.92307693,537.18732,31.006386,453.18094,53,84.006386,453.18094,Greater MN
2013,Arrowhead,Aitkin,112.07097,12.180789,.032258064,.93548387,.032258064,.064516127,.93548387,377.60446,65.037781,279.56668,33,43,334.60446,Greater MN
2013,Southeast,Houston,104.23271,10.097806,.025316456,.92405063,.050632913,.050632913,.94936711,797.72662,102.85045,644.87622,50,50,747.72662,Greater MN
2013,Westcentral,Becker,109.3286,10.888486,.016393442,.93442625,.049180329,.17213115,.82786888,1328.3953,44,1057.3953,227,386.58572,941.80951,Greater MN
2013,EastCentral,Kanabec,104.92647,22.329573,.029411765,.94117647,.029411765,.029411765,.97058821,759.20551,31.762638,314.44287,413,413,346.20551,Greater MN
2013,Northwest,Norman,88.416229,13.190909,.045454547,.86363637,.090909094,.13636364,.86363637,290.20001,69,171.2,50,119,171.2,Greater MN
2013,Southwest,Redwood,99.123405,10.165641,.015384615,.96923077,.015384615,.015384615,.98461539,660.76666,40,602.76666,18,18,642.76666,Greater MN
2013,Headwaters,Lake of the Woods,86.901047,10.158442,0,.90909094,.090909094,.090909094,.90909094,111.74286,0,87.742859,24,24,87.742859,Greater MN
2013,EastCentral,Pine,119.03616,10.128493,.016393442,.96721309,.016393442,.065573767,.93442625,617.83807,34,555.83807,28,82,535.83807,Greater MN
2013,Headwaters,Hubbard,105.15399,11.348008,.03846154,.94230771,.01923077,.07692308,.92307693,590.09644,71.844063,448.25238,70,97.300003,492.79645,Greater MN
2013,Westcentral,Traverse,90.040642,10.6625,0,.875,.125,.125,.875,170.60001,0,138.60001,32,32,138.60001,Greater MN
2013,Southwestcentral,Kandiyohi,105.18883,10.898894,.024390243,.9512195,.024390243,.040650405,.95934957,1340.564,213.0878,1031.4762,96,169.60001,1170.964,Greater MN
2013,NorthCentral,Wadena,95.094299,10.575658,.025,.875,.1,.15000001,.85000002,423.02634,30.250132,304.77618,88,108,315.02634,Greater MN
2013,Northwest,Kittson,83.022644,9.2933331,0,.85000002,.15000001,.15000001,.85000002,185.86667,0,149.86667,36,36,149.86667,Greater MN
2013,Southwest,Jackson,97.658508,11.623761,.050000001,.92500001,.025,.025,.97500002,464.95044,102.85045,342.10001,20,20,444.95044,Greater MN
2013,Northwest,Red Lake,76.456833,18.5553,.041666668,.83333331,.125,.125,.875,445.32721,29.493879,182.83333,233,233,212.32721,Greater MN
2013,Westcentral,Wilkin,96.823631,9.1537418,0,.96428573,.035714287,.035714287,.96428573,256.30475,0,239.30476,17,17,239.30476,Greater MN
2013,Southwest,Pipestone,100.18941,10.562772,.025641026,.94871795,.025641026,.025641026,.97435898,411.94809,40.081425,351.86667,20,20,391.94809,Greater MN
2013,UpperMNvalley,Lac qui Parle,87.129059,10.390476,0,.90476191,.095238097,.095238097,.90476191,218.2,0,180.2,38,38,180.2,Greater MN
2013,Westcentral,Grant,90.778595,10.615714,0,.85000002,.15000001,.15000001,.85000002,212.31429,0,162.31429,50,50,162.31429,Greater MN
2013,UpperMNvalley,Big Stone,89.361305,9.8466663,0,.89999998,.1,.1,.89999998,196.93333,0,168.93333,28,28,168.93333,Greater MN
2013,Arrowhead,Cook,125.10838,10.665289,.11111111,.8888889,0,0,1,95.987602,22.687599,73.300003,0,0,95.987602,Greater MN
2013,Metro,Carver,166.58238,17.091375,.098591551,.89671361,.0046948357,.037558686,.96244133,3640.4631,1874.8773,1745.5857,20,725.71362,2914.7495,MSA
2013,Metro,Ramsey,167.8661,20.64864,.17912371,.80798972,.012886598,.083762884,.91623712,16023.345,9344.7627,5561.582,1117,5119.5156,10903.829,MSA
2013,Central,Wright,136.32832,11.862207,.031890661,.94988608,.018223235,.020501139,.97949886,5207.5088,1080.4802,3931.0286,196,328.67987,4878.8291,MSA
2013,Central,Sherburne,130.96074,12.937238,.046263345,.94661921,.0071174377,.010676157,.98932385,3635.3638,1043.697,2543.6667,48,180.67989,3454.6838,MSA
2013,Metro,Hennepin,186.07077,24.456629,.22749476,.76482904,.0076762037,.078855544,.92114443,35046.348,23893.123,10100.227,1053,9761.1133,25285.236,MSA
2013,Metro,Dakota,168.34639,17.064137,.10762332,.88789237,.0044843052,.044843048,.95515692,15221.21,7491.9199,7615.2905,114,3286.6338,11934.576,MSA
2013,Metro,Anoka,150.59642,15.364774,.096816979,.89920425,.00397878,.035809018,.96419096,11585.039,5160.7402,6144.2993,280,2495.0564,9089.9824,MSA
2013,EastCentral,Isanti,129.77612,17.063366,.13725491,.86274511,0,.019607844,.98039216,870.23163,472.09357,398.13809,0,69.425522,800.80615,MSA
2013,EastCentral,Chisago,133.78729,13.112633,.060344826,.93965518,0,.017241379,.98275864,1521.0654,481.84155,1039.2238,0,169.70683,1351.3585,MSA
2013,Metro,Washington,160.754,16.440504,.085828342,.90618765,.0079840319,.047904193,.95209581,8236.6924,3940.4124,4196.2798,100,2045.8596,6190.833,MSA
2013,Metro,Scott,162.55783,13.17243,.050314464,.94339621,.006289308,.014675053,.98532492,6283.2495,1874.3322,4308.917,100,629.17676,5654.0728,MSA
2014,Southern,Steele,105.98409,13.204404,.033112582,.92715234,.039735101,.052980132,.94701988,1993.865,438.62689,1378.238,177,383.62585,1610.2391,Greater MN
2014,Southcentral,Martin,90.042953,11.650384,.01369863,.9041096,.08219178,.08219178,.91780823,850.47803,79.406593,651.07141,120,120,730.47803,Greater MN
2014,Northwest,Red Lake,69.429337,20.235966,.043478262,.73913044,.2173913,.26086956,.73913044,465.42722,29.493879,162.93333,273,284.66666,180.76054,Greater MN
2014,NorthCentral,Todd,79.741898,11.433421,0,.85185188,.14814815,.14814815,.85185188,617.40479,0,441.40475,176,176,441.40475,Greater MN
2014,Southwest,Pipestone,92.157394,11.154832,.024390243,.87804878,.097560972,.097560972,.902439,457.34808,40.081425,337.26666,80,80,377.34808,Greater MN
2014,UpperMNvalley,Swift,89.593979,11.792655,.023255814,.88372093,.093023255,.11627907,.88372093,507.08414,49.912716,379.17142,78,127.91272,379.17142,Greater MN
2014,Southern,Mower,104.28017,12.980663,.038834952,.89320385,.067961164,.067961164,.93203884,1337.0083,344.48218,832.52618,160,160,1177.0083,Greater MN
2014,Headwaters,Beltrami,106.80544,14.025961,.062937066,.86713284,.069930069,.090909094,.90909094,2005.7124,386.11334,1116.599,503,631,1374.7124,Greater MN
2014,Central,Stearns,110.47977,12.929732,.057142857,.9066667,.036190476,.057142857,.94285715,6788.1094,1705.3246,4584.7847,498,1023.1266,5764.9829,Greater MN
2014,Arrowhead,Saint Louis,110.80615,17.074427,.10497238,.79558009,.099447511,.12430939,.87569058,6180.9429,1960.7046,2771.238,1449,1804.1256,4376.8169,Greater MN
2014,Southern,Wabasha,114.4016,11.108627,.027777778,.91666669,.055555556,.055555556,.94444442,799.82117,83.187866,636.63336,80,80,719.82117,Greater MN
2014,Southcentral,Waseca,99.119331,11.526731,.034482758,.91379309,.05172414,.05172414,.94827586,668.55042,90.750397,520.79999,57,57,611.55042,Greater MN
2014,Westcentral,Clay,116.71891,13.122892,.055,.92500001,.02,.029999999,.97000003,2624.5784,723.12134,1722.4572,179,311.81906,2312.7595,Greater MN
2014,Southwestcentral,Kandiyohi,102.0844,11.209023,.031007752,.9147287,.054263566,.10852713,.89147288,1445.964,249.0878,1054.8762,142,352.68781,1093.2762,Greater MN
2014,NorthCentral,Crow Wing,114.65224,14.285876,.096153848,.8525641,.051282052,.070512824,.92948717,2228.5967,724.53961,1248.0571,256,284.33334,1944.2634,Greater MN
2014,NorthCentral,Morrison,96.859894,11.092723,.031496063,.89763778,.070866145,.11811024,.88188976,1408.7759,133.93773,1102.8381,172,289,1119.7759,Greater MN
2014,Southwest,Jackson,90.070129,12.72562,.048780486,.85365856,.097560972,.097560972,.902439,521.75043,102.85045,338.89999,80,80,441.75046,Greater MN
2014,Southern,Rice,123.12109,11.971834,.03846154,.92948717,.032051284,.051282052,.94871795,1867.6061,428.32037,1285.2858,154,225.44286,1642.1632,Greater MN
2014,Southwest,Lyon,101.35579,12.758654,.043478262,.90579712,.050724637,.050724637,.94927537,1760.6942,308.55136,1264.1428,188,188,1572.6942,Greater MN
2014,Southwest,Lincoln,89.792244,10.807143,0,.89285713,.10714286,.10714286,.89285713,302.60001,0,242.60001,60,60,242.60001,Greater MN
2014,Southwest,Rock,99.03569,9.8909092,0,1,0,0,1,435.20001,0,435.20001,0,0,435.20001,Greater MN
2014,Westcentral,Becker,105.66149,11.391033,.024390243,.88617885,.089430891,.24390244,.75609756,1401.0972,81.687599,1018.4095,301,538.13043,862.96667,Greater MN
2014,Southeast,Goodhue,117.50246,12.164196,.047619049,.8888889,.063492067,.063492067,.93650794,1532.6887,264.68866,1106,162,162,1370.6887,Greater MN
2014,Southern,Olmsted,138.77054,16.638178,.061876249,.90219563,.035928145,.093812376,.90618765,8335.7266,3021.9888,4276.7383,1037,3040.0977,5295.6289,Greater MN
2014,Southcentral,Nicollet,118.7562,16.300337,.10843374,.87951809,.012048192,.060240965,.93975902,1352.928,616.99469,715.93335,20,121,1231.928,Greater MN
2014,Southcentral,Faribault,89.575508,13.329599,.088235296,.79411763,.11764706,.14705883,.85294116,453.20639,113.00639,270.20001,70,89,364.20639,Greater MN
2014,Southwestcentral,McLeod,107.40388,13.029306,.040322579,.90322578,.056451611,.064516127,.93548387,1615.6339,319.20062,1106.4333,190,303,1312.6339,Greater MN
2014,Southcentral,Blue Earth,117.63422,17.308868,.095744684,.87234044,.031914894,.063829787,.93617022,3254.0671,1023.8957,1580.1714,650,874,2380.0671,Greater MN
2014,Southcentral,Le Sueur,113.85653,11.318048,.0099999998,.92000002,.07,.079999998,.92000002,1131.8048,105,887.80475,139,244,887.80475,Greater MN
2014,NorthCentral,Cass,97.145622,17.547018,.027777778,.80555558,.16666667,.19444445,.80555558,1263.3853,367.83768,645.54761,250,587,676.38531,Greater MN
2014,Southeast,Fillmore,92.149048,19.71286,.054545455,.81818181,.12727273,.12727273,.87272727,1084.2073,179.06918,438.13809,467,467,617.20728,Greater MN
2014,Southwest,Nobles,84.70562,12.844568,.06122449,.83673471,.10204082,.10204082,.89795917,629.38385,114.9505,397.43332,117,117,512.38385,Greater MN
2014,Arrowhead,Lake,102.7065,9.9740744,0,.8888889,.11111111,.11111111,.8888889,179.53334,0,139.53334,40,40,139.53334,Greater MN
2014,Southeast,Freeborn,103.6352,12.742349,.03846154,.92307693,.03846154,.051282052,.94871795,993.9032,260.73175,673.17145,60,154,839.9032,Greater MN
2014,Southcentral,Brown,97.754929,12.888683,.036363635,.89999998,.063636363,.090909094,.90909094,1417.7552,236.85045,1026.9048,154,208.18556,1209.5697,Greater MN
2014,UpperMNvalley,Yellow Medicine,95.387962,10.318386,.043478262,.9130435,.043478262,.065217391,.93478262,474.64575,46.131451,393.51428,35,66.006386,408.63934,Greater MN
2014,Westcentral,Douglas,102.99573,12.363445,.025316456,.93037975,.044303797,.056962024,.94303799,1953.4243,257.00052,1490.4238,206,226,1727.4243,Greater MN
2014,UpperMNvalley,Chippewa,91.233749,12.397823,.023809524,.90476191,.071428575,.14285715,.85714287,520.70856,57.47525,368.23334,95,123.33334,397.37524,Greater MN
2014,Westcentral,Pope,100.47729,11.26364,.027777778,.91666669,.055555556,.055555556,.94444442,405.49106,64.281532,289.20953,52,52,353.49106,Greater MN
2014,EastCentral,Mille Lacs,106.2131,15.975397,.068965517,.84482759,.086206898,.12068965,.87931037,926.573,363.00159,463.57144,100,174.28152,752.2915,Greater MN
2014,NorthCentral,Wadena,90.111313,10.716881,.022222223,.84444445,.13333334,.17777778,.82222223,482.25964,30.250132,336.00952,116,136,346.25964,Greater MN
2014,Westcentral,Traverse,74.573212,11.577084,0,.75,.25,.25,.75,185.23334,0,113.23334,72,72,113.23334,Greater MN
2014,Northwest,Polk,100.16441,13.318355,.051282052,.87179488,.07692308,.11111111,.8888889,1558.2476,314.07611,963.17145,281,439.39435,1118.8531,Greater MN
2014,Central,Benton,113.87146,11.423395,.023529412,.9588235,.01764706,.01764706,.98235291,1941.9773,280.00107,1601.9762,60,60,1881.9773,Greater MN
2014,Westcentral,Wilkin,91.652802,9.8641024,0,.92307693,.07692308,.07692308,.92307693,256.46667,0,216.46667,40,40,216.46667,Greater MN
2014,Northwest,Roseau,89.04982,10.120335,.013333334,.9066667,.079999998,.093333334,.9066667,759.02509,15.125066,615.90002,128,143.12506,615.90002,Greater MN
2014,Southcentral,Sibley,96.591705,10.574011,0,.86440676,.13559322,.13559322,.86440676,623.86664,0,493.86667,130,130,493.86667,Greater MN
2014,Southeast,Houston,101.89063,10.454458,.025974026,.92207789,.051948052,.051948052,.94805193,804.99329,102.85045,645.14288,57,57,747.99329,Greater MN
2014,EastCentral,Pine,106.74921,11.217064,.016666668,.88333333,.1,.2,.80000001,673.0238,34,517.0238,122,204,469.0238,Greater MN
2014,Southern,Winona,108.887,12.820573,.054054055,.9054054,.040540539,.054054055,.94594592,1897.4448,470.06384,1288.381,139,280.38797,1617.0569,Greater MN
2014,Westcentral,Otter Tail,98.805374,11.01044,.017857144,.89880955,.083333336,.089285716,.91071427,1849.7539,134.62534,1393.1285,322,332,1517.7539,Greater MN
2014,Southeast,Dodge,119.142,11.702326,.011627907,.94186044,.046511628,.046511628,.95348835,1006.4,124,787.40002,95,95,911.40002,Greater MN
2014,Northwest,Kittson,84.435394,9.5148144,0,.83333331,.16666667,.16666667,.83333331,171.26666,0,135.26666,36,36,135.26666,Greater MN
2014,EastCentral,Kanabec,98.508034,23.189096,.029411765,.88235295,.088235296,.088235296,.91176468,788.42932,31.762638,303.66666,453,453,335.42929,Greater MN
2014,Southwestcentral,Meeker,91.432091,13.835142,.039215688,.82352942,.13725491,.15686275,.84313726,705.59229,136.1256,409.46667,160,170,535.59229,Greater MN
2014,Arrowhead,Itasca,95.154121,15.825141,.05319149,.77659577,.17021276,.27659574,.72340423,1487.5632,240.32516,701.2381,546,777,710.56329,Greater MN
2014,Arrowhead,Aitkin,107.36103,14.754052,.05882353,.85294116,.088235296,.14705883,.85294116,501.63779,143.03778,285.60001,73,161,340.63779,Greater MN
2014,Northwest,Pennington,103.07986,10.731839,.028985508,.942029,.028985508,.028985508,.9710145,740.49695,111.92549,588.57141,40,40,700.49695,Greater MN
2014,Southwestcentral,Renville,95.812424,11.738238,.037037037,.87037039,.09259259,.09259259,.9074074,633.86487,70.331558,463.53333,100,100,533.86487,Greater MN
2014,Headwaters,Clearwater,87.659859,11.626373,0,.84615386,.15384616,.26923078,.73076922,302.28571,0,217.28572,85,121.71429,180.57143,Greater MN
2014,Arrowhead,Carlton,105.30103,16.768074,.092105262,.78947371,.11842106,.18421052,.81578946,1274.3737,329.02606,558.3476,387,614.11334,660.26031,Greater MN
2014,Southwest,Redwood,96.567924,9.8378792,0,.95454544,.045454547,.045454547,.95454544,649.29999,0,590.29999,59,59,590.29999,Greater MN
2014,Southwest,Cottonwood,92.617973,11.282349,.024390243,.87804878,.097560972,.097560972,.902439,462.57629,24.200106,360.37619,78,78,384.57629,Greater MN
2014,Northwest,Marshall,87.369354,11.300985,.029411765,.85294116,.11764706,.11764706,.88235295,384.23349,36.300159,279.93332,68,68,316.23349,Greater MN
2014,Southwest,Murray,90.293518,12.35033,.03846154,.92307693,.03846154,.03846154,.96153843,321.10858,57.47525,243.63333,20,20,301.10858,Greater MN
2014,Arrowhead,Koochiching,95.646645,11.053572,0,.89285713,.10714286,.10714286,.89285713,309.5,0,232.5,77,77,232.5,Greater MN
2014,Westcentral,Stevens,95.483063,11.325163,.023809524,.9285714,.047619049,.047619049,.95238096,475.65683,65.037781,370.61905,40,40,435.65683,Greater MN
2014,Headwaters,Hubbard,108.2869,10.346737,.033333335,.94999999,.016666668,.1,.89999998,620.80426,85.456619,515.3476,20,99.650185,521.15405,Greater MN
2014,UpperMNvalley,Big Stone,87.779053,10.191228,0,.89473683,.10526316,.10526316,.89473683,193.63333,0,165.63333,28,28,165.63333,Greater MN
2014,Arrowhead,Cook,118.79716,11.437508,.07692308,.84615386,.07692308,.07692308,.92307693,148.68759,22.687599,106,20,20,128.68759,Greater MN
2014,Northwest,Norman,95.962708,13.923518,.095238097,.85714287,.047619049,.095238097,.90476191,292.39389,98.493881,163.89999,30,99,193.39388,Greater MN
2014,Headwaters,Mahnomen,64.77829,17.051949,.045454547,.59090906,.36363637,.59090906,.40909091,375.14285,30,121.14286,224,294,81.14286,Greater MN
2014,Westcentral,Grant,82.264244,11.343358,0,.78947371,.21052632,.21052632,.78947371,215.5238,0,135.5238,80,80,135.5238,Greater MN
2014,UpperMNvalley,Lac qui Parle,87.474007,11.293454,.047619049,.80952382,.14285715,.14285715,.85714287,237.16254,7.5625329,167.60001,62,62,175.16254,Greater MN
2014,Southcentral,Watonwan,81.821678,14.734403,.10714286,.78571427,.10714286,.14285715,.85714287,412.56326,131.32516,224.2381,57,67,345.56326,Greater MN
2014,Headwaters,Lake of the Woods,87.688675,10.793651,0,.8888889,.11111111,.11111111,.8888889,97.14286,0,73.14286,24,24,73.14286,Greater MN
2014,Metro,Anoka,151.68347,16.888592,.10584958,.8551532,.038997214,.090529248,.90947074,12126.009,5583.7896,5762.2192,780,3434.1113,8691.8975,MSA
2014,Metro,Hennepin,181.11925,26.399942,.25565913,.69507325,.049267642,.14314248,.85685754,39652.711,28158.178,10014.535,1480,12674.48,26978.232,MSA
2014,Metro,Scott,159.2822,13.976339,.052391801,.92938495,.018223235,.034168564,.96583146,6135.6133,1898.7473,4033.8657,203,801.40302,5334.21,MSA
2014,Metro,Ramsey,168.87296,22.098349,.19694868,.76421636,.038834952,.1442441,.85575587,15932.909,9515.2666,4980.6421,1437,5979.3149,9953.5938,MSA
2014,Central,Wright,133.95349,12.6948,.036764707,.91176468,.051470589,.05882353,.94117647,5179.4785,1134.05,3567.4285,478,803.50519,4375.9736,MSA
2014,Central,Sherburne,132.11948,13.758381,.054744527,.91605842,.02919708,.032846715,.96715331,3769.7964,1156.1296,2395.6667,218,350.67987,3419.1165,MSA
2014,Metro,Washington,160.14636,17.822609,.1,.86199999,.037999999,.079999998,.92000002,8911.3047,4309.5283,4201.7764,400,2214.9348,6696.3696,MSA
2014,Metro,Dakota,166.60718,18.453594,.11882353,.85647058,.024705883,.079999998,.92000002,15685.556,7961.1138,7270.4419,454,4006.3806,11679.175,MSA
2014,EastCentral,Isanti,124.60131,17.490192,.13725491,.78431374,.078431375,.15686275,.84313726,891.99982,438.15219,373.84763,80,207.22386,684.77594,MSA
2014,EastCentral,Chisago,130.47815,13.691633,.057377048,.88524592,.057377048,.073770493,.92622954,1670.3793,497.86969,1032.5095,140,309.70685,1360.6724,MSA
2014,Metro,Carver,158.4931,19.715664,.115,.83999997,.045000002,.079999998,.92000002,3943.1328,2166.1472,1596.9857,180,891.88477,3051.248,MSA
2015,Southeast,Freeborn,104.94727,12.173448,.039473683,.92105263,.039473683,.052631579,.94736844,925.18201,221.18201,644,60,114.45024,810.73175,Greater MN
2015,Metro,Washington,162.73074,17.021551,.10590632,.84928715,.044806518,.097759672,.90224034,8357.582,4062.3313,3835.2505,460,2340.5779,6017.0039,MSA
2015,Southwestcentral,Kandiyohi,100.97755,11.050109,.03846154,.89999998,.061538462,.13846155,.86153847,1436.5142,255.43799,1019.0762,162,390.24625,1046.2679,Greater MN
2015,Southern,Olmsted,141.7028,16.956642,.072614111,.89211619,.035269711,.10373444,.89626557,8173.1021,3128.2544,4070.8477,974,3137.1331,5035.9688,Greater MN
2015,Southern,Winona,109.48289,12.734782,.055172414,.90344828,.04137931,.068965517,.93103451,1846.5433,466.63861,1232.9048,147,341.46301,1505.0803,Greater MN
2015,Metro,Ramsey,172.97533,22.311905,.22381635,.72596842,.050215207,.17503586,.82496411,15551.397,9577.6035,4355.7944,1618,6684.5742,8866.8232,MSA
2015,NorthCentral,Wadena,91.278252,11.393414,.046511628,.81395346,.13953489,.18604651,.81395346,489.91681,60.25013,313.66666,116,136,353.91681,Greater MN
2015,Metro,Dakota,169.73863,18.177546,.12392638,.84662575,.029447854,.092024542,.90797544,14814.699,7775.3931,6568.3062,471,4117.9189,10696.78,MSA
2015,Metro,Anoka,153.39581,16.355627,.11271676,.84393066,.0433526,.12138728,.8786127,11318.095,5473.6343,5204.46,640,3456.0791,7862.0151,MSA
2015,Northwest,Polk,101.74535,13.302219,.050420169,.86554623,.084033616,.12605043,.87394959,1582.9641,330.10696,968.85712,284,426.76569,1156.1985,Greater MN
2015,Southern,Wabasha,115.81636,10.993257,.028169014,.91549295,.056338027,.11267605,.88732392,780.52118,83.187866,617.33331,80,120,660.52118,Greater MN
2015,NorthCentral,Todd,80.295853,12.603174,.018518519,.81481481,.16666667,.2037037,.7962963,680.57141,40,426.57144,214,232.57143,448,Greater MN
2015,Southwest,Nobles,85.774506,12.75731,.039999999,.83999997,.12,.14,.86000001,637.86548,93.019157,405.84634,139,149,488.86551,Greater MN
2015,Metro,Hennepin,185.64023,26.251724,.27223355,.66870332,.059063137,.16904277,.83095723,38668.789,27426.693,8909.0967,2333,14101.812,24566.979,MSA
2015,Northwest,Pennington,105.14874,11.191329,.029850746,.9402985,.029850746,.029850746,.97014928,749.81903,121.81905,586,42,42,707.81903,Greater MN
2015,Southwest,Lyon,98.367691,12.812007,.046153847,.88461536,.069230773,.07692308,.92307693,1665.5609,308.55136,1129.0095,228,239.66667,1425.8942,Greater MN
2015,Southern,Mower,102.83638,11.965128,.02020202,.90909094,.070707068,.070707068,.92929292,1184.5477,218.73816,799.80951,166,166,1018.5477,Greater MN
2015,Metro,Scott,162.3063,13.170366,.052752294,.92889911,.018348623,.052752294,.94724768,5742.2798,1799.0707,3751.209,192,984.84412,4757.4355,MSA
2015,Southwestcentral,Renville,98.139328,11.666917,.05882353,.86274511,.078431375,.078431375,.92156863,595.01276,93.012772,422,80,80,515.01276,Greater MN
2015,Southeast,Dodge,122.49784,11.641912,.023529412,.94117647,.035294119,.035294119,.96470588,989.56256,131.56253,778,80,80,909.56256,Greater MN
2015,Central,Stearns,109.74866,13.14643,.055776894,.90438247,.039840639,.083665341,.91633469,6599.5083,1596.4991,4485.0088,518,1415.0771,5184.4312,Greater MN
2015,Southcentral,Sibley,101.0131,10.482759,0,.87931037,.12068965,.12068965,.87931037,608,0,488,120,120,488,Greater MN
2015,Southeast,Goodhue,120.33942,11.79738,.047619049,.8888889,.063492067,.08730159,.91269839,1486.47,268.46991,1058,160,258.38159,1228.0884,Greater MN
2015,Central,Wright,133.76842,12.490506,.03626943,.91191709,.051813472,.06735751,.93264246,4821.3354,979.67365,3383.6616,458,786.52972,4034.8054,MSA
2015,Southeast,Fillmore,95.452354,13.680046,.054545455,.83636361,.10909091,.10909091,.89090908,752.40253,179.06918,451.33334,122,122,630.40253,Greater MN
2015,Southcentral,Le Sueur,115.08914,11.098688,.010752688,.91397852,.07526882,.10752688,.8924731,1032.178,79.406593,813.77142,139,236.97803,795.20001,Greater MN
2015,Southern,Rice,125.60372,12.031322,.044585988,.91719747,.038216561,.063694268,.93630576,1888.9176,463.10803,1251.8096,174,301.18149,1587.7361,Greater MN
2015,EastCentral,Mille Lacs,109.02486,15.707394,.089285716,.83928573,.071428575,.10714286,.89285713,879.61401,372.41403,427.20001,80,154.28152,725.33252,Greater MN
2015,Southeast,Houston,103.43317,10.208753,.014084507,.91549295,.070422538,.070422538,.92957747,724.82147,74.86908,560.95239,89,89,635.82147,Greater MN
2015,Headwaters,Beltrami,104.21046,12.724725,.045112781,.87218046,.082706764,.090225562,.90977442,1692.3884,204.36934,1065.019,423,433,1259.3884,Greater MN
2015,Central,Sherburne,130.56898,13.994696,.058139537,.91085273,.031007752,.03875969,.96124029,3610.6316,1117.1824,2275.4492,218,360.67987,3249.9517,MSA
2015,Southcentral,Martin,91.755859,11.378963,.02631579,.89473683,.078947365,.078947365,.92105263,864.80121,98.563103,646.2381,120,120,744.80121,Greater MN
2015,Westcentral,Wilkin,90.226875,10.483517,0,.88461536,.11538462,.11538462,.88461536,272.57144,0,212.57143,60,60,212.57143,Greater MN
2015,Westcentral,Otter Tail,101.07809,10.557211,.018633541,.90683228,.074534163,.0931677,.90683228,1699.7109,114.42522,1333.2858,252,282,1417.7109,Greater MN
2015,Arrowhead,Saint Louis,114.93647,16.863293,.11370263,.78717202,.099125363,.12244898,.87755102,5784.1099,1986.0239,2544.0857,1254,1573.6631,4210.4463,Greater MN
2015,Southwestcentral,McLeod,110.48285,13.470852,.050420169,.89075631,.05882353,.084033616,.91596639,1603.0314,372.89514,1040.1362,190,295.4566,1307.5747,Greater MN
2015,Westcentral,Clay,119.76184,13.294134,.05882353,.9197861,.021390375,.037433155,.96256685,2486.0032,721.46564,1608.5375,156,281.53806,2204.4651,Greater MN
2015,NorthCentral,Morrison,98.472061,10.991427,.033898305,.88983053,.076271184,.18644068,.81355929,1296.9885,121.7504,995.2381,180,397.7504,899.2381,Greater MN
2015,UpperMNvalley,Chippewa,96.491402,11.713065,.025641026,.94871795,.025641026,.12820514,.87179488,456.80951,76,345.80951,35,70.476189,386.33334,Greater MN
2015,Northwest,Red Lake,70.480392,21.173964,.045454547,.72727275,.22727273,.27272728,.72727275,465.82721,29.493879,160.33333,276,290,175.82721,Greater MN
2015,Southwest,Murray,92.36039,12.354936,.045454547,.90909094,.045454547,.045454547,.95454544,271.80859,57.47525,194.33333,20,20,251.80858,Greater MN
2015,Metro,Carver,163.19406,19.805748,.14070351,.81909549,.040201005,.090452261,.90954775,3941.3438,2315.5437,1465.8,160,1153.4839,2787.8599,MSA
2015,NorthCentral,Crow Wing,116.57751,14.390917,.096551724,.84827584,.055172414,.096551724,.90344828,2086.6829,688.521,1134.1619,264,424.20648,1662.4764,Greater MN
2015,Westcentral,Stevens,86.961685,11.258949,.02631579,.89473683,.078947365,.10526316,.89473683,427.84009,46.887703,320.95239,60,106.8877,320.95239,Greater MN
2015,Southcentral,Blue Earth,119.05241,17.200436,.10555556,.8611111,.033333335,.072222225,.92777777,3096.0784,957.84033,1478.238,660,789.34381,2306.7346,Greater MN
2015,Southern,Steele,107.80202,13.051561,.032258064,.92903227,.038709678,.051612902,.94838709,2022.9919,459.62051,1386.3715,177,383.62585,1639.3661,Greater MN
2015,Southcentral,Brown,96.392601,13.395959,.038834952,.88349515,.077669904,.10679612,.89320385,1379.7838,236.85045,893.93335,249,301.51889,1078.2649,Greater MN
2015,EastCentral,Chisago,131.06158,13.44746,.061946902,.8761062,.061946902,.079646021,.92035401,1519.563,455.6106,923.95239,140,301.99289,1217.5701,MSA
2015,Central,Benton,113.12286,11.192634,.025477707,.955414,.019108281,.025477707,.97452229,1757.2434,270.73868,1426.5048,60,70,1687.2434,Greater MN
2015,NorthCentral,Cass,95.358864,12.016025,.028571429,.80000001,.17142858,.22857143,.77142859,841.1217,66.550293,514.57141,260,315.71262,525.40912,Greater MN
2015,Southcentral,Watonwan,78.106049,15.07661,.11538462,.76923078,.11538462,.1923077,.80769229,391.99185,131.32516,203.66667,57,107,284.99185,Greater MN
2015,Westcentral,Douglas,103.74054,11.890782,.020833334,.93055558,.048611112,.069444448,.93055558,1712.2726,207.84407,1325.4286,179,209,1503.2726,Greater MN
2015,Arrowhead,Cook,115.02958,11.222584,.071428575,.85714287,.071428575,.071428575,.9285714,157.11617,22.687599,114.42857,20,20,137.11617,Greater MN
2015,Southwestcentral,Meeker,92.082489,14.225236,.039999999,.81999999,.14,.14,.86000001,711.26178,136.1256,415.1362,160,160,551.26178,Greater MN
2015,Southcentral,Nicollet,119.16438,16.935284,.11627907,.83720928,.046511628,.10465116,.89534885,1456.4344,700.10107,676.33331,80,189,1267.4344,Greater MN
2015,Arrowhead,Itasca,96.360954,15.756112,.052083332,.78125,.16666667,.29166666,.70833331,1512.5867,179.08195,707.50476,626,867.08197,645.50476,Greater MN
2015,Southwest,Cottonwood,92.193512,10.488613,.021739131,.89130437,.086956523,.086956523,.9130435,482.4762,32,372.4762,78,78,404.4762,Greater MN
2015,Northwest,Roseau,86.933403,9.9023056,0,.93055558,.069444448,.069444448,.93055558,712.966,0,613.966,99,99,613.966,Greater MN
2015,Headwaters,Clearwater,88.413742,11.353742,0,.85714287,.14285715,.25,.75,317.90475,0,230.90475,87,119.57143,198.33333,Greater MN
2015,Westcentral,Pope,102.18292,11.239175,.03125,.9375,.03125,.03125,.96875,359.65359,71.844063,267.80951,20,20,339.65359,Greater MN
2015,Northwest,Norman,89.51503,14.424694,.050000001,.80000001,.15000001,.15000001,.85000002,288.49387,29.493879,150,109,109,179.49388,Greater MN
2015,Arrowhead,Carlton,105.06419,17.126333,.098591551,.78873241,.11267605,.22535211,.77464789,1215.9696,343.7887,505.18094,367,631.40076,584.56891,Greater MN
2015,Southwest,Pipestone,91.098297,11.217185,.024390243,.87804878,.097560972,.097560972,.902439,459.9046,40.081425,339.82318,80,80,379.9046,Greater MN
2015,Southwest,Rock,94.000038,10.450065,0,.97727275,.022727273,.022727273,.97727275,459.80286,0,439.80286,20,20,439.80286,Greater MN
2015,Southwest,Redwood,92.042557,10.66599,0,.93333334,.06666667,.06666667,.93333334,639.95935,0,558.95935,81,81,558.95935,Greater MN
2015,Headwaters,Hubbard,105.93765,10.807125,.032258064,.91935486,.048387095,.20967741,.7903226,670.04175,89.994141,520.04761,60,191.45914,478.58264,Greater MN
2015,EastCentral,Kanabec,101.52045,22.536076,.028571429,.88571429,.085714288,.085714288,.91428572,788.76263,31.762638,304,453,453,335.76263,Greater MN
2015,Southcentral,Waseca,100.92585,11.456738,.03846154,.90384614,.057692308,.057692308,.94230771,595.75037,90.750397,448,57,57,538.75037,Greater MN
2015,Arrowhead,Koochiching,89.84726,11.6,0,.83333331,.16666667,.16666667,.83333331,348,0,228,120,120,228,Greater MN
2015,Arrowhead,Lake,108.64944,9.4888887,0,.93333334,.06666667,.06666667,.93333334,142.33333,0,122.33334,20,20,122.33334,Greater MN
2015,UpperMNvalley,Yellow Medicine,90.76799,10.724917,.044444446,.8888889,.06666667,.11111111,.8888889,482.62131,46.131451,381.48984,55,96.006386,386.6149,Greater MN
2015,UpperMNvalley,Lac qui Parle,90.896332,10.554893,.043478262,.82608694,.13043478,.13043478,.86956519,242.76253,7.5625329,175.2,60,60,182.76253,Greater MN
2015,Westcentral,Grant,85.092293,11.147619,0,.80000001,.2,.25,.75,222.95238,0,140.95238,82,92,130.95238,Greater MN
2015,EastCentral,Pine,108.12663,11.285714,.018518519,.87037039,.11111111,.22222222,.77777779,609.42859,34,453.42856,122,204,405.42856,Greater MN
2015,Southwest,Lincoln,85.012573,10.902778,0,.875,.125,.125,.875,261.66666,0,201.66667,60,60,201.66667,Greater MN
2015,Northwest,Marshall,92.099785,10.94173,.027777778,.8611111,.11111111,.11111111,.8888889,393.90225,38.56892,287.33334,68,68,325.90225,Greater MN
2015,Arrowhead,Aitkin,100.15796,11.010417,0,.875,.125,.15625,.84375,352.33334,0,270.33334,82,92,260.33334,Greater MN
2015,UpperMNvalley,Swift,88.153481,11.617381,.027777778,.8888889,.083333336,.11111111,.8888889,418.22574,49.912716,320.31302,48,97.91272,320.31302,Greater MN
2015,Westcentral,Becker,107.70831,11.915022,.034782607,.87826085,.086956523,.2173913,.78260869,1370.2275,135.75677,953.47076,281,463.71899,906.50854,Greater MN
2015,EastCentral,Isanti,127.13116,17.058788,.13461539,.78846157,.07692308,.17307693,.82692307,887.05695,438.15219,368.90475,80,232.99406,654.06287,MSA
2015,Headwaters,Mahnomen,65.776428,15.474026,0,.63636363,.36363637,.63636363,.36363637,340.42856,0,153.42857,187,262.42856,78,Greater MN
2015,Northwest,Kittson,91.548378,9.520833,0,.875,.125,.125,.875,152.33333,0,128.33333,24,24,128.33333,Greater MN
2015,Headwaters,Lake of the Woods,89.456345,10.514286,0,.89999998,.1,.2,.80000001,105.14286,0,81.14286,24,34,71.14286,Greater MN
2015,UpperMNvalley,Big Stone,85.763206,10.376658,0,.89473683,.10526316,.10526316,.89473683,197.15651,0,167.15651,30,30,167.15651,Greater MN
2015,Southcentral,Faribault,94.764893,12.644064,.10526316,.81578946,.078947365,.15789473,.84210527,480.47443,133.33156,287.14285,60,162.32516,318.14923,Greater MN
2015,Westcentral,Traverse,85.558647,11.3,0,.83333331,.16666667,.16666667,.83333331,135.60001,0,95.599998,40,40,95.599998,Greater MN
2015,Southwest,Jackson,87.746513,12.336498,.054054055,.83783782,.10810811,.10810811,.8918919,456.45044,102.85045,273.60001,80,80,376.45044,Greater MN
2016,Southeast,Freeborn,116.19154,12.895351,.047619049,.8888889,.063492067,.11111111,.8888889,812.4071,185.28206,552,75.125069,151.67535,660.73175,Greater MN
2016,Metro,Washington,163.93465,18.146528,.11464968,.81104034,.074309982,.16985138,.83014864,8547.0146,4144.0146,3540,863,3064.2593,5482.7554,MSA
2016,Southwestcentral,Kandiyohi,113.78838,12.508733,.044247787,.88495576,.07079646,.16814159,.8318584,1413.4868,280.56998,921.66669,211.25014,467.72592,945.76086,Greater MN
2016,Southern,Olmsted,142.25455,15.758843,.08219178,.87671232,.04109589,.12100457,.87899542,6902.3735,2833.9983,3598,470.37518,2238.0696,4664.3037,Greater MN
2016,Southern,Winona,115.93995,12.897979,.060606062,.87878788,.060606062,.090909094,.90909094,1702.5332,435.5705,1098,168.96274,357.2384,1345.2948,Greater MN
2016,Metro,Ramsey,173.95482,23.150202,.23600605,.67322236,.090771556,.26475039,.73524964,15302.284,9325.7773,3895.5715,2080.9355,7524.8486,7777.4351,MSA
2016,NorthCentral,Wadena,104.00156,11.388725,.048780486,.80487806,.14634146,.19512194,.80487806,466.93774,52.937729,290,124,144,322.93774,Greater MN
2016,Metro,Dakota,175.45555,20.585087,.14879356,.80697054,.044235926,.12868632,.87131369,15356.475,8619.6191,5800,936.85577,4699.7593,10656.716,MSA
2016,Metro,Anoka,156.48869,17.288153,.12322275,.81832546,.058451816,.15797788,.84202212,10943.4,5219.6704,4750.6001,973.13,4097.4346,6845.9658,MSA
2016,Northwest,Polk,112.92543,13.480055,.067307696,.83653843,.096153848,.17307693,.82692307,1401.9257,366.78287,833.14288,202,443.33209,958.59363,Greater MN
2016,Southern,Wabasha,119.03146,11.433538,.031746034,.90476191,.063492067,.15873016,.84126985,720.31293,83.187866,562,75.125069,137.12506,583.18787,Greater MN
2016,NorthCentral,Todd,100.99328,12.138166,.01754386,.82456142,.15789473,.21052632,.78947371,691.87549,30.250132,464,197.62534,247.87546,444,Greater MN
2016,Southwest,Nobles,104.28564,13.990389,.039999999,.80000001,.16,.2,.80000001,699.51941,103.6067,386,209.91272,281.92548,417.59393,Greater MN
2016,Metro,Hennepin,191.89902,28.881207,.29503545,.62695038,.078014188,.21276596,.78723407,40722.5,29784.67,8024.8667,2912.9644,15933.584,24788.916,MSA
2016,Northwest,Pennington,111.02288,11.218356,.032258064,.91935486,.048387095,.064516127,.93548387,695.53802,108.90048,530,56.637573,66.637573,628.90045,Greater MN
2016,Southern,Mower,110.85503,12.961233,.024096385,.87951809,.096385539,.12048193,.87951809,1075.7823,201.91963,690,183.86269,343.60086,732.18146,Greater MN
2016,Metro,Scott,168.05945,14.461357,.067164183,.9004975,.03233831,.079601988,.920398,5813.4653,2091.4375,3446.6001,275.42789,1073.655,4739.8105,MSA
2016,Southeast,Dodge,125.1554,12.072983,.027027028,.93243241,.040540539,.040540539,.95945948,893.40076,139.1506,684,70.25013,70.25013,823.15063,Greater MN
2016,Central,Stearns,120.40442,13.637267,.063457333,.89059079,.045951858,.098468274,.90153176,6232.231,1742.918,4029,460.31293,1355.9601,4876.271,Greater MN
2016,Southeast,Goodhue,124.78423,12.466622,.054054055,.87387389,.072072074,.12612613,.87387389,1383.795,292.67004,934,157.12506,388.11975,995.67535,Greater MN
2016,Central,Wright,143.06792,13.602548,.041176472,.89411765,.064705886,.10294118,.89705884,4624.8662,1181.8191,2981.1667,461.88037,1164.3444,3460.5217,MSA
2016,Southwest,Lyon,114.87191,13.053034,.058333334,.85833335,.083333336,.125,.875,1566.364,279.81372,1058,228.55029,344.17563,1222.1884,Greater MN
2016,Southeast,Fillmore,113.40438,15.209015,.079999998,.80000001,.12,.12,.88,760.45074,251.3257,392,117.12507,117.12507,643.32568,Greater MN
2016,Southcentral,Le Sueur,123.36251,11.439249,.011627907,.90697676,.08139535,.11627907,.88372093,983.77539,79.406593,770,134.3688,233.77541,750,Greater MN
2016,Southern,Rice,133.94978,11.924651,.043478262,.92028987,.036231883,.057971016,.942029,1645.6019,394.76422,1130,120.83768,236.4944,1409.1075,Greater MN
2016,EastCentral,Mille Lacs,117.64379,17.535069,.098039217,.80392158,.098039217,.13725491,.86274511,894.28845,416.28845,378,100,178.28152,716.0069,Greater MN
2016,Southeast,Houston,112.30662,11.16581,.028571429,.88571429,.085714288,.12857144,.87142855,781.60669,103.6067,556,122,212.86908,568.73761,Greater MN
2016,Headwaters,Beltrami,111.70107,13.088129,.03305785,.87603307,.090909094,.12396694,.87603307,1583.6637,133.10059,1032,418.56305,454.56305,1129.1006,Greater MN
2016,Central,Sherburne,141.19113,14.797578,.068965517,.89224136,.038793102,.06465517,.93534482,3433.0381,1172.3265,2079,181.71158,364.05814,3068.98,MSA
2016,Southcentral,Martin,109.671,12.432293,.027777778,.8888889,.083333336,.083333336,.91666669,895.12506,143.12506,632,120,120,775.12506,Greater MN
2016,Westcentral,Otter Tail,110.97395,11.677892,.034482758,.88275862,.08275862,.12413793,.87586206,1693.2943,126.2943,1182,385,445,1248.2943,Greater MN
2016,Arrowhead,Saint Louis,121.3532,17.024845,.12662338,.75324672,.12012987,.18506494,.81493509,5243.6523,1841.9515,2260,1141.7009,1711.6716,3531.9807,Greater MN
2016,Southwestcentral,McLeod,119.16211,13.272969,.054545455,.86363637,.081818178,.10909091,.89090908,1460.0266,285.86374,980.78766,193.3752,267.82544,1192.2012,Greater MN
2016,Westcentral,Clay,123.62054,13.092545,.062146891,.89265537,.04519774,.10734463,.89265537,2317.3804,669.17133,1489.5714,158.63757,385.50665,1931.8737,Greater MN
2016,NorthCentral,Morrison,107.70712,11.091615,.027027028,.8918919,.081081077,.1981982,.8018018,1231.1692,111.16924,940,180,379.16925,852,Greater MN
2016,UpperMNvalley,Chippewa,106.5722,11.992773,.02631579,.89473683,.078947365,.13157895,.86842108,455.72537,57.47525,328,70.25013,90.25013,365.47525,Greater MN
2016,Northwest,Red Lake,92.903931,20.826365,.043478262,.73913044,.2173913,.26086956,.73913044,479.00638,31.006386,172,276,286,193.00638,Greater MN
2016,Southwest,Murray,112.35906,13.339784,.045454547,.86363637,.090909094,.090909094,.90909094,293.47525,57.47525,196,40,40,253.47525,Greater MN
2016,Metro,Carver,174.03384,22.376022,.16763006,.78612715,.046242774,.12138728,.8786127,3871.0518,2469.0518,1243,159,1286.5797,2584.4719,MSA
2016,Westcentral,Stevens,103.53663,12.097608,.030303031,.84848487,.12121212,.18181819,.81818181,399.22104,46.887703,272.33334,80,136.8877,262.33334,Greater MN
2016,Southcentral,Blue Earth,124.97506,18.581919,.12258065,.81290323,.064516127,.1032258,.89677417,2880.1975,948.19739,1202,730,808.08142,2072.116,Greater MN
2016,Southern,Steele,118.18203,13.263167,.037313432,.91791046,.044776119,.059701491,.9402985,1777.2645,397.9079,1226,153.35657,359.98242,1417.2821,Greater MN
2016,Southcentral,Brown,111.41722,14.022868,.04040404,.87878788,.080808081,.17171717,.82828283,1388.2639,260.15112,878,250.11282,340.11282,1048.1511,Greater MN
2016,Central,Benton,121.38397,12.495811,.034013607,.94557822,.020408163,.047619049,.95238096,1836.8842,408.55081,1368.3334,60,102,1734.8842,Greater MN
2016,NorthCentral,Crow Wing,120.0508,14.859402,.11666667,.81666666,.06666667,.11666667,.88333333,1783.1282,648.86536,922,212.26291,356.13837,1426.9899,Greater MN
2016,NorthCentral,Cass,96.248192,12.713341,.016666668,.76666665,.21666667,.38333333,.61666667,762.80042,40.837677,436,285.96274,416.80042,346,Greater MN
2016,Southcentral,Watonwan,124.53953,14.52285,.13043478,.78260869,.086956523,.2173913,.78260869,334.02554,111.16924,190,32.856308,112.43161,221.59393,Greater MN
2016,Westcentral,Douglas,114.26711,12.4197,.030075189,.91729325,.052631579,.075187966,.92481202,1651.8201,235.95103,1261,154.86908,184.86908,1466.951,Greater MN
2016,Arrowhead,Cook,108.34177,10.717713,.083333336,.83333331,.083333336,.33333334,.66666669,128.61256,13.612559,95,20,50,78.612556,Greater MN
2016,Southwestcentral,Meeker,103.22169,15.214303,.048780486,.82926828,.12195122,.14634146,.85365856,623.78644,180.74454,337.66666,105.3752,219.56944,404.21695,Greater MN
2016,Southcentral,Nicollet,127.19842,17.13105,.13414635,.81707317,.048780486,.085365854,.91463417,1404.7461,668.74609,656,80,110,1294.7461,Greater MN
2016,Southwest,Cottonwood,107.2161,10.844009,.024390243,.87804878,.097560972,.12195122,.87804878,444.6044,24.200106,351.66666,68.737625,92.937729,351.66666,Greater MN
2016,Northwest,Roseau,104.8448,10.059784,0,.92753625,.072463766,.10144927,.89855075,694.12506,0,600,94.125069,114.12507,580,Greater MN
2016,Headwaters,Clearwater,102.54484,11.036721,0,.875,.125,.25,.75,264.88132,0,209,55.881317,91.881317,173,Greater MN
2016,Arrowhead,Itasca,110.66655,13.212939,.078651689,.76404494,.15730338,.34831461,.65168542,1175.9515,201.16338,631,343.78818,639.33899,536.61255,Greater MN
2016,Northwest,Norman,102.24921,14.759742,.055555556,.77777779,.16666667,.16666667,.83333331,265.67535,29.493879,144,92.181473,92.181473,173.49388,Greater MN
2016,EastCentral,Chisago,139.37653,14.064977,.072916664,.85416669,.072916664,.09375,.90625,1350.2378,441.23776,769,140,250.28131,1099.9564,MSA
2016,Arrowhead,Koochiching,96.086235,11.34584,0,.83333331,.16666667,.16666667,.83333331,340.37518,0,235,105.3752,105.3752,235,Greater MN
2016,Arrowhead,Carlton,121.83003,16.652666,.10606061,.78787881,.10606061,.30303031,.69696969,1099.076,463.87598,495.20001,140,665.87598,433.20001,Greater MN
2016,Southwest,Pipestone,100.54927,11.768592,.02631579,.84210527,.13157895,.15789473,.84210527,447.20648,40.081425,312,95.125069,105.12507,342.08142,Greater MN
2016,Southwest,Rock,102.4782,11.404762,0,.95238096,.047619049,.047619049,.95238096,479,0,379,100,100,379,Greater MN
2016,Southwest,Redwood,104.51574,10.781986,0,.90196079,.098039217,.11764706,.88235295,549.88135,0,454,95.881317,105.88132,444,Greater MN
2016,Headwaters,Hubbard,119.80531,11.661211,.03773585,.9245283,.03773585,.3018868,.6981132,618.04419,96.044174,482,40,226.93773,391.10645,Greater MN
2016,Southcentral,Faribault,122.77128,12.35407,.13513513,.78378379,.081081077,.1891892,.8108108,457.10059,133.10059,264,60,152.96913,304.13144,Greater MN
2016,Southcentral,Waseca,114.37625,12.278703,.045454547,.86363637,.090909094,.090909094,.90909094,540.26288,79.406601,388,72.856308,72.856308,467.40659,Greater MN
2016,Southcentral,Sibley,116.14793,10.576923,0,.90384614,.096153848,.13461539,.86538464,550,0,450,100,120,430,Greater MN
2016,Arrowhead,Lake,110.46547,10,0,.91666669,.083333336,.083333336,.91666669,120,0,100,20,20,100,Greater MN
2016,UpperMNvalley,Yellow Medicine,105.7332,10.955812,.04255319,.87234044,.08510638,.19148937,.80851066,514.92316,46.131451,393.66666,75.125069,151.25652,363.66666,Greater MN
2016,Westcentral,Grant,87.573601,11.630959,0,.76190478,.23809524,.2857143,.71428573,244.25014,0,152,92.25013,102.25013,142,Greater MN
2016,EastCentral,Pine,116.99095,12.543385,.039215688,.86274511,.098039217,.23529412,.7647059,639.71259,93.712616,446,100,245.71262,394,Greater MN
2016,UpperMNvalley,Lac qui Parle,107.78706,11.476191,.047619049,.80952382,.14285715,.14285715,.85714287,241,10,158,73,73,168,Greater MN
2016,Arrowhead,Aitkin,102.40163,12,0,.84615386,.15384616,.1923077,.80769229,312,0,230,82,96,216,Greater MN
2016,Southwest,Lincoln,96.223183,11.090909,0,.86363637,.13636364,.13636364,.86363637,244,0,184,60,60,184,Greater MN
2016,Westcentral,Pope,110.42785,12.770386,.037037037,.8888889,.074074075,.074074075,.92592591,344.80042,81.675354,228,35.125065,35.125065,309.67535,Greater MN
2016,Northwest,Marshall,98.12355,11.365346,.030303031,.81818181,.15151516,.18181819,.81818181,375.0564,37.056412,254,84,94,281.0564,Greater MN
2016,UpperMNvalley,Swift,94.757202,12.126217,.032258064,.80645162,.16129032,.16129032,.83870965,375.91272,49.912716,238,88,88,287.91272,Greater MN
2016,EastCentral,Kanabec,116.66501,24.604517,.055555556,.8611111,.083333336,.22222222,.77777779,885.76263,94.762634,338,453,507,378.76263,Greater MN
2016,Westcentral,Becker,110.46429,11.903317,.039215688,.85294116,.10784314,.30392158,.69607842,1214.1383,108.90047,852,253.23788,483.10059,731.03778,Greater MN
2016,EastCentral,Isanti,136.23849,17.816122,.13333334,.77777779,.088888891,.22222222,.77777779,801.72546,395.72549,326,80,278.93542,522.79004,MSA
2016,Headwaters,Mahnomen,82.854477,14.958337,0,.71428573,.2857143,.5714286,.42857143,314.12506,0,164,150.12506,234.12506,80,Greater MN
2016,Southwestcentral,Renville,105.67431,12.646887,.078947365,.78947371,.13157895,.13157895,.86842108,480.5817,85.456619,300,95.125069,95.125069,385.45663,Greater MN
2016,Northwest,Kittson,91.776199,10.842105,0,.78947371,.21052632,.21052632,.78947371,206,0,142,64,64,142,Greater MN
2016,Headwaters,Lake of the Woods,88.752785,11.460318,0,.77777779,.22222222,.33333334,.66666669,103.14286,0,63.142857,40,50,53.142857,Greater MN
2016,UpperMNvalley,Big Stone,95.883911,11,0,.83333331,.16666667,.16666667,.83333331,198,0,148,50,50,148,Greater MN
2016,Southwest,Jackson,102.55692,12.580568,.055555556,.80555558,.1388889,.16666667,.83333331,452.90048,93.775406,264,95.125069,101.12507,351.77542,Greater MN
2016,Westcentral,Traverse,95.76355,11.166667,0,.83333331,.16666667,.16666667,.83333331,134,0,94,40,40,94,Greater MN
2016,Westcentral,Wilkin,94.414772,11.391304,0,.82608694,.17391305,.17391305,.82608694,262,0,182,80,80,182,Greater MN
2017,Southeast,Freeborn,98.872215,12.745605,.049180329,.86885244,.081967212,.14754099,.85245901,777.48187,196.9819,465.5,115,321.9819,455.5,Greater MN
2017,Metro,Washington,163.15977,19.14006,.12173913,.80217391,.076086953,.18913044,.81086957,8804.4277,4538.8779,3347.55,918,3301.6548,5502.7734,MSA
2017,Southwestcentral,Kandiyohi,105.28463,12.732856,.046296295,.8888889,.064814813,.18518518,.81481481,1375.1484,334.68173,839.46667,201,512.57532,862.57312,Greater MN
2017,Southern,Olmsted,146.65381,17.613878,.083732061,.86842108,.047846891,.13875598,.86124402,7362.6011,2965.9409,3326.6599,1070,3027.2871,4335.3135,Greater MN
2017,Southern,Winona,109.95101,15.380215,.078651689,.83146065,.089887641,.15730338,.84269661,1368.8391,435.53909,676.29999,257,473.46301,895.3761,Greater MN
2017,NorthCentral,Wadena,87.992554,11.492507,.057142857,.77142859,.17142858,.25714287,.74285716,402.23773,52.937729,233.3,116,158.68759,243.55013,Greater MN
2017,Metro,Ramsey,171.83318,25.550661,.25,.64715189,.1028481,.27848101,.72151899,16148.018,10332.146,3469.8713,2346,7839.1079,8308.9102,MSA
2017,Metro,Dakota,173.72162,21.885544,.15994437,.78859526,.051460363,.15159944,.84840053,15735.706,8955.1396,5339.5669,1441,5658.7588,10076.947,MSA
2017,Metro,Anoka,153.89525,17.872824,.12892562,.8066116,.064462811,.18347107,.81652892,10813.058,5372.6777,4300.3799,1140,4593.2363,6219.8213,MSA
2017,Northwest,Polk,103.20784,13.942339,.068627454,.83333331,.098039217,.16666667,.83333331,1422.1185,435.27567,784.84283,202,481.59393,940.5246,Greater MN
2017,Southern,Wabasha,117.01785,11.056536,.029850746,.91044778,.059701491,.14925373,.85074627,740.78784,83.187866,577.59998,80,140,600.78784,Greater MN
2017,NorthCentral,Todd,84.386307,12.372222,.018518519,.81481481,.16666667,.25925925,.74074072,668.09998,40,406.10001,222,298,370.10001,Greater MN
2017,Southwest,Nobles,82.707489,13.674642,.039215688,.78431374,.17647059,.21568628,.78431374,697.40668,103.6067,354.79999,239,307.01276,390.39392,Greater MN
2017,Metro,Hennepin,193.65657,32.100624,.32213742,.59160304,.086259544,.24351145,.75648856,42051.816,32104.83,6993.9868,2953,17973.043,24078.773,MSA
2017,Southern,Mower,101.38907,13.011582,.024691358,.85185188,.12345679,.14814815,.85185188,1053.9381,218.73816,603.20001,232,391.73816,662.20001,Greater MN
2017,Metro,Scott,167.61148,14.895299,.071618035,.89655173,.03183024,.098143235,.90185678,5615.5278,2157.1563,3139.3713,319,1274.2271,4341.3008,MSA
2017,Southeast,Dodge,123.14043,11.548269,.013888889,.93055558,.055555556,.055555556,.94444442,831.4754,93.775406,637.70001,100,100,731.4754,Greater MN
2017,Central,Stearns,113.52768,13.538231,.065610863,.87782806,.056561086,.11538462,.88461536,5983.8979,1800.198,3621.7,562,1541.7833,4442.1147,Greater MN
2017,Southeast,Goodhue,125.75242,12.8197,.07,.85000002,.079999998,.14,.86000001,1281.97,324.67004,795.29999,162,392.99466,888.97534,Greater MN
2017,Central,Wright,138.74654,13.507107,.05105105,.88288289,.066066064,.1021021,.8978979,4497.8662,1309.6198,2690.2466,498,1161.9458,3335.9207,MSA
2017,Northwest,Pennington,107.21687,10.970976,.032258064,.91935486,.048387095,.064516127,.93548387,680.2005,108.90048,509.29999,62,72,608.2005,Greater MN
2017,Southwest,Lyon,101.97158,12.418925,.053571429,.85714287,.089285716,.16071428,.83928573,1390.9197,267.91962,919,204,349.62534,1041.2943,Greater MN
2017,Southeast,Fillmore,99.339958,15.484756,.093023255,.79069769,.11627907,.13953489,.86046511,665.84448,248.64449,315.20001,102,112,553.84448,Greater MN
2017,Southcentral,Le Sueur,118.74892,11.264286,.023809524,.90476191,.071428575,.13095239,.86904764,946.20001,125,702.20001,119,272,674.20001,Greater MN
2017,Southern,Rice,131.88213,11.844321,.044776119,.91791046,.037313432,.097014926,.9029851,1587.139,411.33899,1041.8,134,392.0069,1195.1321,Greater MN
2017,EastCentral,Mille Lacs,109.80631,16.673347,.10204082,.79591835,.10204082,.18367347,.81632656,816.99402,372.41403,344.57999,100,246.29431,570.69971,Greater MN
2017,Southeast,Houston,103.32332,12.631156,.050000001,.85000002,.1,.16666667,.83333331,757.86932,173.36934,434.5,150,250.86908,507.00027,Greater MN
2017,Headwaters,Beltrami,105.54325,13.050611,.033613447,.87394959,.092436977,.15966387,.84033614,1553.0227,146.99414,946.02856,460,545.42859,1007.5941,Greater MN
2017,Central,Sherburne,135.70697,14.224463,.074418604,.88837206,.037209302,.08372093,.91627908,3058.2595,1144.3595,1753.9,160,380.34656,2677.9128,MSA
2017,Southcentral,Martin,92.683067,11.902905,.028985508,.86956519,.10144927,.11594203,.884058,821.30042,116.80042,567.5,137,147,674.30042,Greater MN
2017,Arrowhead,Saint Louis,116.34247,18.461506,.13732395,.73943663,.12323944,.2359155,.76408452,5243.0679,2018.6678,1949.4,1275,2193.9834,3049.0845,Greater MN
2017,Southwestcentral,McLeod,111.14385,12.673431,.045045044,.87387389,.081081077,.13513513,.86486489,1406.7509,260.65088,938.09998,208,363.45023,1043.3007,Greater MN
2017,Westcentral,Clay,121.81927,13.478421,.067415729,.88764048,.044943821,.14606741,.85393256,2399.1589,768.42096,1431.7382,199,576.46887,1822.6902,Greater MN
2017,NorthCentral,Morrison,101.02372,11.373486,.044642858,.875,.080357142,.17857143,.8214286,1273.8304,167.7504,916.08002,190,352.29999,921.5304,Greater MN
2017,UpperMNvalley,Chippewa,94.682091,13.732541,.05882353,.85294116,.088235296,.11764706,.88235295,466.90637,107.00639,279.89999,80,90,376.90637,Greater MN
2017,Northwest,Red Lake,78.226692,20.969564,.043478262,.73913044,.2173913,.26086956,.73913044,482.29999,41,165.3,276,286,196.3,Greater MN
2017,Southwest,Murray,88.230247,12.84644,.047619049,.85714287,.095238097,.095238097,.90476191,269.77524,57.47525,172.3,40,40,229.77525,Greater MN
2017,Metro,Carver,170.88116,25.939499,.18562874,.76646709,.047904193,.13772455,.86227542,4331.8965,3039.6963,1133.2,159,1457.6407,2874.2556,MSA
2017,Westcentral,Stevens,93.162262,11.828503,.064516127,.80645162,.12903225,.16129032,.83870965,366.68356,54.450237,232.23334,80,90,276.68356,Greater MN
2017,Southcentral,Blue Earth,114.19888,20.924126,.12837838,.77702701,.094594598,.14864865,.85135138,3096.7708,1217.8706,1073.9,805,1017,2079.7708,Greater MN
2017,Southern,Steele,109.57484,13.231015,.031746034,.91269839,.055555556,.1031746,.89682537,1667.1079,381.9079,1088.2,197,441.62585,1225.4821,Greater MN
2017,Southcentral,Brown,98.506432,14.452847,.04040404,.86868685,.090909094,.19191919,.80808079,1430.8318,305.73175,831.09998,294,418.51889,1012.3129,Greater MN
2017,Central,Benton,117.9661,12.320086,.041958041,.93006992,.027972028,.062937066,.93706292,1761.7722,441.03885,1238.7333,82,177.42523,1584.3469,Greater MN
2017,NorthCentral,Crow Wing,116.27676,16.165209,.12931034,.79310346,.077586204,.1637931,.83620691,1875.1642,784.76422,848.40002,242,656.3443,1218.8199,Greater MN
2017,NorthCentral,Cass,91.774208,13.15365,.033333335,.73333335,.23333333,.41666666,.58333331,789.21899,56.718994,396.5,336,470.83768,318.38132,Greater MN
2017,Southcentral,Watonwan,86.423759,17.424747,.16666667,.75,.083333336,.16666667,.83333331,418.19394,200.59393,180.60001,37,101,317.19394,Greater MN
2017,Westcentral,Douglas,106.73751,12.7791,.033613447,.89915967,.067226894,.12605043,.87394959,1520.713,276.41299,1045.3,199,419,1101.713,Greater MN
2017,Arrowhead,Cook,116.34626,10.561256,.1,.80000001,.1,.40000001,.60000002,105.61256,13.612559,72,20,50,55.61256,Greater MN
2017,Southwestcentral,Meeker,100.66932,14.536775,.047619049,.83333331,.11904762,.16666667,.83333331,610.54456,180.74454,309.79999,120,300.74454,309.79999,Greater MN
2017,Southcentral,Nicollet,123.31658,18.962072,.16666667,.79166669,.041666668,.069444448,.93055558,1365.2693,752.16925,553.09998,60,137,1228.2693,Greater MN
2017,Westcentral,Otter Tail,102.23907,11.426609,.021428572,.88571429,.092857145,.14285715,.85714287,1599.7252,101.42522,1103.3,395,492.29999,1107.4252,Greater MN
2017,Arrowhead,Itasca,101.2833,13.179247,.080459774,.75862068,.16091955,.37931034,.62068963,1146.5945,209.69452,584.90002,352,677.69452,468.89999,Greater MN
2017,Southwest,Cottonwood,88.082649,11.14386,.02631579,.84210527,.13157895,.23684211,.7631579,423.46667,32,289.46667,102,161.3,262.16666,Greater MN
2017,Northwest,Roseau,88.1642,10.111724,0,.91379309,.086206898,.12068965,.87931037,586.47998,0,487.48001,99,119,467.48001,Greater MN
2017,Headwaters,Clearwater,95.786263,10.430857,0,.88,.12,.23999999,.75999999,260.77142,0,199.77142,61,89.571426,171.2,Greater MN
2017,Northwest,Norman,80.759056,14.982993,.055555556,.72222221,.22222222,.22222222,.77777779,269.69388,29.493879,111.2,129,129,140.69388,Greater MN
2017,EastCentral,Chisago,129.4153,16.635645,.072164945,.83505154,.092783503,.16494845,.83505154,1613.6576,478.95764,734.70001,400,556.28131,1057.3763,MSA
2017,Arrowhead,Koochiching,84.423248,11.58,0,.80000001,.2,.23999999,.75999999,289.5,0,169.5,120,130,159.5,Greater MN
2017,Arrowhead,Carlton,106.04533,17.111357,.11428571,.71428573,.17142858,.38571429,.61428571,1197.795,520.59497,440.20001,237,780.87598,416.91901,Greater MN
2017,Westcentral,Wilkin,93.01358,10.337502,.043478262,.82608694,.13043478,.13043478,.86956519,237.76253,7.5625329,170.2,60,60,177.76253,Greater MN
2017,Headwaters,Lake of the Woods,73.014687,12.305357,0,.75,.25,.375,.625,98.442856,0,54.442856,44,54,44.442856,Greater MN
2017,Southwest,Pipestone,90.942139,11.022036,.025,.85000002,.125,.15000001,.85000002,440.88144,40.081425,300.79999,100,110,330.88144,Greater MN
2017,Southwest,Rock,93.096848,11.180555,0,.94444442,.055555556,.055555556,.94444442,402.5,0,302.5,100,100,302.5,Greater MN
2017,Southwest,Redwood,97.388954,9.6160002,0,.94,.059999999,.1,.89999998,480.79999,0,420.79999,60,80,400.79999,Greater MN
2017,Headwaters,Hubbard,111.15385,11.146544,.035714287,.9285714,.035714287,.35714287,.64285713,624.20642,113.10644,471.10001,40,264.60001,359.60645,Greater MN
2017,Northwest,Marshall,91.326988,11.279565,.027027028,.8108108,.16216215,.1891892,.8108108,417.3439,35.543903,273.79999,108,118,299.3439,Greater MN
2017,Southcentral,Faribault,99.890053,12.93233,.14285715,.77142859,.085714288,.2,.80000001,452.63156,153.33156,239.3,60,168.32516,284.3064,Greater MN
2017,Southcentral,Waseca,99.440056,12.179023,.047619049,.85714287,.095238097,.095238097,.90476191,511.51895,90.618942,343.89999,77,77,434.51895,Greater MN
2017,Southcentral,Sibley,104.07605,10.317647,0,.90196079,.098039217,.17647059,.82352942,526.20001,0,426.20001,100,140,386.20001,Greater MN
2017,Arrowhead,Lake,116.13938,9.3214283,0,.9285714,.071428575,.14285715,.85714287,130.5,0,110.5,20,30,100.5,Greater MN
2017,EastCentral,Isanti,130.13567,17.22436,.15555556,.77777779,.06666667,.22222222,.77777779,775.09619,412.69617,302.39999,60,270.93542,504.16074,MSA
2017,UpperMNvalley,Yellow Medicine,90.421921,10.19386,0,.89473683,.10526316,.21052632,.78947371,387.36667,0,309.36667,78,118.96667,268.39999,Greater MN
2017,Westcentral,Grant,87.478699,11.383333,0,.79166669,.20833333,.20833333,.79166669,273.20001,0,171.2,102,102,171.2,Greater MN
2017,Westcentral,Becker,109.23521,12.094006,.030612245,.85714287,.1122449,.34693879,.65306121,1185.2125,129.61256,773.59998,282,582.81256,602.40002,Greater MN
2017,EastCentral,Pine,108.837,11.356,.02,.86000001,.12,.25999999,.74000001,567.79999,34,411.79999,122,207.3,360.5,Greater MN
2017,UpperMNvalley,Lac qui Parle,101.64661,10.023127,.050000001,.85000002,.1,.1,.89999998,200.46254,7.5625329,152.89999,40,40,160.46254,Greater MN
2017,Southwest,Lincoln,87.202675,10.578571,0,.85714287,.14285715,.17857143,.8214286,296.20001,0,216.2,80,90,206.2,Greater MN
2017,Westcentral,Pope,103.23712,12.295702,.034482758,.89655173,.068965517,.068965517,.93103451,356.57535,81.675354,232.89999,42,42,314.57535,Greater MN
2017,UpperMNvalley,Swift,87.488571,11.465956,.034482758,.82758623,.13793103,.13793103,.86206895,332.51273,49.912716,214.60001,68,68,264.51273,Greater MN
2017,EastCentral,Kanabec,101.71138,23.069489,.05882353,.85294116,.088235296,.29411766,.70588237,784.36261,47.762638,283.60001,453,523,261.36264,Greater MN
2017,Headwaters,Mahnomen,78.118118,14.304762,0,.71428573,.2857143,.5714286,.42857143,300.39999,0,145.39999,155,227.39999,73,Greater MN
2017,Southwestcentral,Renville,95.826942,13.727193,.1,.77499998,.125,.125,.875,549.08771,163.8877,285.20001,100,100,449.08771,Greater MN
2017,Arrowhead,Aitkin,100.35696,11.513637,0,.81818181,.18181819,.36363637,.63636363,253.3,0,171.3,82,122,131.3,Greater MN
2017,UpperMNvalley,Big Stone,85.785233,9.5894737,0,.89473683,.10526316,.10526316,.89473683,182.2,0,152.2,30,30,152.2,Greater MN
2017,Northwest,Kittson,82.083778,11,0,.75,.25,.25,.75,176,0,112,64,64,112,Greater MN
2017,Southwest,Jackson,86.481796,12.537512,.05882353,.79411763,.14705883,.23529412,.7647059,426.27542,93.775406,230.5,102,135.45007,290.82532,Greater MN
2017,Westcentral,Traverse,86.970688,11.108334,0,.83333331,.16666667,.16666667,.83333331,133.3,0,93.300003,40,40,93.300003,Greater MN
2018,Southeast,Freeborn,102.45345,12.269748,.030303031,.89393938,.075757578,.13636364,.86363637,809.80334,155.03192,519.77142,135,310.03192,499.77142,Greater MN
2018,Metro,Washington,177.7348,19.570803,.11633109,.82326621,.060402684,.17449665,.82550335,8748.1484,4919.9888,3233.1594,595,3092.9871,5655.1611,MSA
2018,Southwestcentral,Kandiyohi,108.84396,12.487121,.046296295,.87037039,.083333336,.18518518,.81481481,1348.609,308.19476,792.41431,248,447.11838,901.49072,Greater MN
2018,Southern,Olmsted,156.03375,18.195063,.08374384,.86453199,.05172414,.14778325,.85221672,7387.1953,3104.4114,3083.7839,1199,3133.9316,4253.2637,Greater MN
2018,Southern,Winona,116.6049,13.936781,.072072074,.85585588,.072072074,.12612613,.87387389,1546.9827,437.38263,844.59998,265,396.33795,1150.6447,Greater MN
2018,NorthCentral,Wadena,96.586037,11.740467,.078947365,.7631579,.15789473,.23684211,.7631579,446.13773,84.937729,245.2,116,158.68759,287.45013,Greater MN
2018,Metro,Ramsey,188.51659,23.625948,.21964286,.70535713,.075000003,.26428571,.73571426,13230.531,8836.2783,3287.2524,1107,6313.3076,6917.2231,MSA
2018,Metro,Dakota,189.60278,21.273748,.15142429,.80509746,.043478262,.14242879,.85757118,14189.59,8727.8652,4870.7246,591,4752.8291,9436.7607,MSA
2018,Metro,Anoka,165.39856,17.699881,.12199312,.81271476,.065292098,.18728523,.81271476,10301.331,5445.9414,4075.3896,780,4156.5156,6144.8154,MSA
2018,Northwest,Polk,104.48881,13.355645,.04040404,.83838385,.12121212,.18181819,.81818181,1322.2089,186.79456,735.41431,400,491.59393,830.61493,Greater MN
2018,Southern,Wabasha,122.30447,10.754112,.028571429,.91428572,.057142857,.15714286,.84285712,752.78784,83.187866,589.59998,80,150,602.78784,Greater MN
2018,NorthCentral,Todd,91.095467,10.915255,0,.84745765,.15254237,.23728813,.76271188,644,0,462,182,228,416,Greater MN
2018,Metro,Hennepin,210.24301,33.535179,.30633521,.60465115,.089013636,.25340819,.74659181,41818.371,31489.688,6526.6831,3802,18543.105,23275.266,MSA
2018,Northwest,Pennington,113.95155,10.728126,.031746034,.93650794,.031746034,.047619049,.95238096,675.87189,108.90048,526.97144,40,50,625.87189,Greater MN
2018,Southern,Mower,106.0789,13.151574,.02631579,.85526317,.11842106,.15789473,.84210527,999.51965,201.91963,564.59998,233,400.03815,599.48151,Greater MN
2018,Metro,Scott,176.38258,15.660206,.067567565,.8918919,.040540539,.1027027,.89729732,5794.2759,2412.115,3003.1609,379,1310.5132,4483.7627,MSA
2018,Southeast,Dodge,128.71977,11.33063,.014492754,.92753625,.057971016,.072463766,.92753625,781.81348,93.775406,588.03809,100,110,671.81348,Greater MN
2018,Central,Stearns,122.07376,13.273043,.065116279,.88139534,.053488374,.10465116,.89534885,5707.4082,1708.9558,3450.4524,548,1382.1405,4325.2676,Greater MN
2018,Southeast,Goodhue,130.82925,12.666519,.067961164,.85436893,.077669904,.11650486,.88349515,1304.6515,332.75146,811.90002,160,330.49442,974.15704,Greater MN
2018,Central,Wright,152.4077,14.085071,.042483661,.90522873,.052287582,.084967323,.91503268,4310.0317,1336.4039,2503.6277,470,1032.464,3277.5674,MSA
2018,Southwest,Lyon,106.31537,12.762298,.064814813,.85185188,.083333336,.16666667,.83333331,1378.3281,321.29483,875.03333,182,339.29199,1039.0361,Greater MN
2018,Southeast,Fillmore,102.26311,15.998941,.086956523,.80434781,.10869565,.15217391,.84782606,735.95129,296.45129,337.5,102,122,613.95129,Greater MN
2018,Southcentral,Le Sueur,121.34921,10.971765,0,.91764706,.082352944,.14117648,.85882354,932.59998,0,707.59998,225,274.60001,658,Greater MN
2018,Southern,Rice,139.23836,12.350788,.052631579,.90977442,.037593983,.090225562,.90977442,1642.6548,487.78339,1020.8715,134,393.63223,1249.0226,Greater MN
2018,EastCentral,Mille Lacs,114.16879,17.206936,.086956523,.80434781,.10869565,.17391305,.82608694,791.51904,355.43906,336.08002,100,239.31931,552.19971,Greater MN
2018,Southeast,Houston,104.35367,12.977907,.055555556,.83333331,.11111111,.18518518,.81481481,700.80695,164.10696,386.70001,150,186,514.80695,Greater MN
2018,Headwaters,Beltrami,111.74981,11.795108,.025423728,.90677965,.06779661,.15254237,.84745765,1391.8228,151.99414,969.82855,270,373.62857,1018.1942,Greater MN
2018,Central,Sherburne,147.67471,13.956403,.065727696,.90140843,.032863848,.075117372,.92488265,2972.7139,1094.6091,1738.1047,140,348.67987,2624.0339,MSA
2018,Southcentral,Martin,95.344803,11.012534,.014705882,.88235295,.10294118,.11764706,.88235295,748.85236,56.718998,555.13336,137,147,601.85236,Greater MN
2018,Southwestcentral,McLeod,119.4435,12.61867,.048543688,.88349515,.067961164,.1262136,.87378639,1299.723,231.41351,876.30951,192,289.79813,1009.9249,Greater MN
2018,Westcentral,Clay,128.34978,13.2903,.052941177,.89999998,.047058824,.15294118,.84705883,2259.3511,722.86536,1372.4857,164,489.05679,1770.2943,Greater MN
2018,NorthCentral,Morrison,104.43291,11.068283,.029126214,.86407769,.10679612,.2038835,.79611653,1140.0332,112.68174,807.35144,220,317.71884,822.31433,Greater MN
2018,UpperMNvalley,Chippewa,105.32863,11.86875,.03125,.90625,.0625,.125,.875,379.79999,76,263.79999,40,126,253.8,Greater MN
2018,Northwest,Red Lake,79.678955,21.151806,.045454547,.72727275,.22727273,.22727273,.77272725,465.33972,31.006386,158.33333,276,276,189.33972,Greater MN
2018,Southwest,Murray,94.846039,12.09433,.045454547,.90909094,.045454547,.045454547,.95454544,266.07526,57.47525,188.60001,20,20,246.07526,Greater MN
2018,Southwest,Nobles,93.299278,12.567102,.040816326,.81632656,.14285715,.18367347,.81632656,615.78802,119.48802,354.29999,142,225.89409,389.89392,Greater MN
2018,Metro,Carver,179.1893,25.725225,.16249999,.77499998,.0625,.13124999,.86874998,4116.0361,2845.3601,1070.6761,200,1229.5905,2886.4458,MSA
2018,Westcentral,Stevens,96.949478,11.805,.064516127,.80645162,.12903225,.19354838,.80645162,365.95499,54.450237,231.50476,80,100,265.95499,Greater MN
2018,Southcentral,Blue Earth,120.4,20.654322,.125,.77777779,.097222224,.14583333,.85416669,2974.2222,1145.9222,1005.3,823,982.75677,1991.4655,Greater MN
2018,Southern,Steele,114.10635,13.643514,.032258064,.91129035,.056451611,.11290322,.88709676,1691.7957,440.89566,1047.9,203,459.62585,1232.1698,Greater MN
2018,Southcentral,Brown,107.78539,13.123749,.04040404,.8888889,.070707068,.14141414,.85858583,1299.2511,260.15112,819.09998,220,312.51889,986.73224,Greater MN
2018,Central,Benton,129.93175,12.360458,.034013607,.92517006,.040816326,.074829929,.92517006,1816.9873,405.28259,1257.7047,154,245.42523,1571.5621,Greater MN
2018,NorthCentral,Crow Wing,121.19496,15.890195,.11864407,.79661018,.084745765,.16949153,.83050847,1875.0431,753.67163,851.37146,270,672.47632,1202.5668,Greater MN
2018,NorthCentral,Cass,103.84535,13.148959,.056603774,.75471699,.18867925,.39622641,.60377359,696.89484,134.83768,350.05713,212,342.55197,354.34286,Greater MN
2018,Arrowhead,Saint Louis,127.39989,17.643009,.11764706,.77205884,.11029412,.20220588,.7977941,4798.8984,1802.413,1919.4857,1077,1774.4921,3024.4065,Greater MN
2018,Westcentral,Douglas,114.65092,11.830377,.02631579,.92105263,.052631579,.10526316,.89473683,1348.663,240.36296,988.29999,120,306,1042.663,Greater MN
2018,Arrowhead,Cook,130.80087,18.290285,.22222222,.66666669,.11111111,.44444445,.55555558,164.61256,88.612556,56,20,50,114.61256,Greater MN
2018,Southwestcentral,Meeker,104.53426,14.976855,.051282052,.82051283,.12820514,.17948718,.82051283,584.09735,208.72592,275.37143,100,308.72592,275.37143,Greater MN
2018,Southcentral,Nicollet,130.03989,17.155252,.1641791,.79104477,.044776119,.074626863,.92537314,1149.4019,598.60193,490.79999,60,120.66898,1028.7329,Greater MN
2018,Westcentral,Otter Tail,104.0925,12.151243,.014184397,.87234044,.11347517,.14184397,.85815603,1713.3252,124.42522,1088.9,500,540,1173.3252,Greater MN
2018,Arrowhead,Itasca,100.5071,13.077406,.022988506,.74712646,.22988506,.36781609,.63218391,1137.7344,92.262909,561.47144,484,639.50916,498.22519,Greater MN
2018,Southwest,Cottonwood,94.093979,10.69292,.025,.875,.1,.22499999,.77499998,427.7168,30.250132,317.46667,80,145.55013,282.16666,Greater MN
2018,Northwest,Roseau,99.856926,9.3422222,0,.98148149,.018518519,.074074075,.92592591,504.48001,0,484.48001,20,50,454.48001,Greater MN
2018,Headwaters,Clearwater,107.19001,9.7476187,0,.92307693,.07692308,.15384616,.84615386,253.4381,0,213.4381,40,58.571426,194.86667,Greater MN
2018,Northwest,Norman,87.373497,14.484694,.050000001,.75,.2,.25,.75,289.69388,29.493879,131.2,129,158.49388,131.2,Greater MN
2018,EastCentral,Chisago,141.21909,14.924958,.086956523,.8369565,.076086953,.15217391,.84782606,1373.0962,536.69617,696.40002,140,296.28131,1076.8148,MSA
2018,Arrowhead,Koochiching,90.84996,10.268333,0,.85000002,.15000001,.15000001,.85000002,205.36667,0,145.36667,60,60,145.36667,Greater MN
2018,Southcentral,Watonwan,100.93867,14.647234,.11111111,.77777779,.11111111,.14814815,.85185188,395.47531,143.5753,194.89999,57,67,328.47531,Greater MN
2018,Arrowhead,Carlton,104.24082,15.274272,.074626863,.73134327,.19402985,.34328359,.65671641,1023.3763,287.37625,438,298,549.60083,473.77542,Greater MN
2018,Westcentral,Wilkin,95.57782,10.593878,.047619049,.85714287,.095238097,.095238097,.90476191,222.47144,22,160.47144,40,40,182.47144,Greater MN
2018,Headwaters,Lake of the Woods,83.212303,11.622222,0,.77777779,.22222222,.33333334,.66666669,104.6,0,64.599998,40,50,54.599998,Greater MN
2018,Southwest,Pipestone,95.955627,10.696002,.02631579,.86842108,.10526316,.13157895,.86842108,406.44809,40.081425,286.36667,80,90,316.44809,Greater MN
2018,Southwest,Rock,94.616096,9.3736839,0,.94736844,.052631579,.052631579,.94736844,356.20001,0,316.20001,40,40,316.20001,Greater MN
2018,Southwest,Redwood,99.873627,9.9197283,0,.91836733,.081632651,.12244898,.87755102,486.06668,0,406.06668,80,100,386.06668,Greater MN
2018,Headwaters,Hubbard,116.15466,10.969394,.018867925,.9245283,.056603774,.32075471,.67924529,581.37787,43.106438,428.27142,110,235.7,345.67786,Greater MN
2018,Northwest,Marshall,101.2029,11.420771,.032258064,.83870965,.12903225,.12903225,.87096775,354.04391,35.543903,238.5,80,80,274.04391,Greater MN
2018,EastCentral,Kanabec,114.55315,11.050538,.064516127,.87096775,.064516127,.25806451,.74193549,342.56668,44,258.56668,40,100,242.56667,Greater MN
2018,Arrowhead,Lake,106.82931,9.8800001,0,.86666667,.13333334,.2,.80000001,148.2,0,108.2,40,50,98.199997,Greater MN
2018,EastCentral,Isanti,141.01991,18.874697,.16666667,.76190478,.071428575,.23809524,.76190478,792.7373,452.03729,280.70001,60,268.93542,523.80188,MSA
2018,Westcentral,Pope,115.99893,11.759178,.033333335,.93333334,.033333335,.033333335,.96666664,352.77536,81.675354,251.10001,20,20,332.77536,Greater MN
2018,UpperMNvalley,Yellow Medicine,104.06818,9.4049158,.025641026,.92307693,.051282052,.17948718,.82051283,366.79175,15.125066,311.66666,40,94.091736,272.70001,Greater MN
2018,Southcentral,Sibley,110.44951,10.066072,0,.91666669,.083333336,.14583333,.85416669,483.17142,0,403.17142,80,110,373.17142,Greater MN
2018,Westcentral,Grant,90.492821,11.917687,0,.76190478,.23809524,.23809524,.76190478,250.27142,0,148.27142,102,102,148.27142,Greater MN
2018,Westcentral,Becker,111.05865,11.573198,.010638298,.86170214,.12765957,.37234041,.62765956,1087.8806,65.037781,756.84283,266,536.23779,551.64288,Greater MN
2018,EastCentral,Pine,114.03751,11.007692,.01923077,.86538464,.11538462,.25,.75,572.40002,34,416.39999,122,207.3,365.10001,Greater MN
2018,UpperMNvalley,Lac qui Parle,98.218506,10.616253,.050000001,.80000001,.15000001,.15000001,.85000002,212.32507,15.125066,137.2,60,60,152.32507,Greater MN
2018,Southwest,Lincoln,93.709389,10.476,0,.88,.12,.16,.83999997,261.89999,0,201.89999,60,70,191.89999,Greater MN
2018,UpperMNvalley,Swift,96.043053,14.892376,.074074075,.81481481,.11111111,.11111111,.8888889,402.09415,143.91272,198.18143,60,60,342.09415,Greater MN
2018,Arrowhead,Aitkin,104.16406,11.536508,0,.80952382,.19047619,.33333334,.66666669,242.26666,0,160.26666,82,112,130.26666,Greater MN
2018,Headwaters,Mahnomen,84.969856,14.37193,0,.7368421,.2631579,.57894737,.42105263,273.06668,0,138.06667,135,205.06667,68,Greater MN
2018,Southwestcentral,Renville,100.76731,12.436525,.078947365,.81578946,.10526316,.10526316,.89473683,472.58795,107.38797,285.20001,80,80,392.58795,Greater MN
2018,UpperMNvalley,Big Stone,89.594986,10.184127,0,.90476191,.095238097,.095238097,.90476191,213.86667,0,173.86667,40,40,173.86667,Greater MN
2018,Southcentral,Faribault,90.811836,12.755521,.057142857,.80000001,.14285715,.2,.80000001,446.44324,84.700371,249.74286,112,171.69398,274.74924,Greater MN
2018,Southwest,Jackson,96.226379,12.546472,.06666667,.80000001,.13333334,.23333333,.76666665,376.39413,89.994141,206.39999,80,113.45008,262.94406,Greater MN
2018,Northwest,Kittson,96.766823,10.211764,0,.88235295,.11764706,.11764706,.88235295,173.60001,0,133.60001,40,40,133.60001,Greater MN
2018,Westcentral,Traverse,85.288399,11.4,0,.80000001,.2,.2,.80000001,114,0,74,40,40,74,Greater MN
2018,Southcentral,Waseca,102.85687,12.272182,.047619049,.85714287,.095238097,.095238097,.90476191,515.43164,94.531662,343.89999,77,77,438.43167,Greater MN
